Name,id,Classification,Class,Mass,FallType,year,Latitude,Longtitude
L'Aigle,12434,Valid,L6,37000.0,Fell,1803.0,48.76667,0.63333
Charcas,5326,Valid,"Iron, IIIAB",1400000.0,Found,1804.0,23.08333,-101.01667
Bitburg,5062,Valid,"Iron, IAB complex",1500000.0,Found,1805.0,49.96667,6.53333
Timochin,24004,Valid,H5,65500.0,Fell,1807.0,54.5,35.2
Weston,24249,Valid,H4,150000.0,Fell,1807.0,41.266667,-73.266667
Lissa,14661,Valid,L6,12800.0,Fell,1808.0,50.2,14.85
Stannern,23713,Valid,Eucrite-mmict,52000.0,Fell,1808.0,49.28333,15.56667
Red River,22548,Valid,"Iron, IIIAB",800000.0,Found,1808.0,32.0,-95.0
Santa Rosa,23167,Valid,"Iron, IC",825000.0,Found,1810.0,5.91667,-73.0
Brahin,5130,Valid,"Pallasite, PMG",823000.0,Found,1810.0,52.5,30.33333
Charsonville,5329,Valid,H6,27000.0,Fell,1810.0,47.93333,1.56667
Chantonnay,5325,Valid,L6,31500.0,Fell,1812.0,46.68333,1.05
Limerick,14652,Valid,H5,50000.0,Fell,1813.0,52.56667,-8.78333
Bachmut,4917,Valid,L6,18000.0,Fell,1814.0,48.6,38.0
Lenarto,12763,Valid,"Iron, IIIAB",108500.0,Found,1814.0,49.0,21.0
Agen,392,Valid,H5,30000.0,Fell,1814.0,44.21667,0.61667
Durala,7750,Valid,L6,13200.0,Fell,1815.0,30.3,76.63333
Cambria,5203,Valid,"Iron, ungrouped",16300.0,Found,1818.0,43.2,-78.8
Cape York,5262,Valid,"Iron, IIIAB",58200000.0,Found,1818.0,76.13333,-64.93333
Burlington,5172,Valid,"Iron, IIIE",68000.0,Found,1819.0,42.75,-75.18333
Juvinas,12214,Valid,Eucrite-mmict,91000.0,Fell,1821.0,44.71667,4.3
Imilac,12025,Valid,"Pallasite, PMG",920000.0,Found,1822.0,-24.20333,-68.80667
Yanhuitlan,30349,Valid,"Iron, IVA",421000.0,Found,1825.0,17.53333,-97.35
Pavlograd,18176,Valid,L6,40000.0,Fell,1826.0,48.53333,35.98333
La Caille,12393,Valid,"Iron, ungrouped",626000.0,Found,1828.0,43.73333,6.78333
Bohumilitz,5099,Valid,"Iron, IAB-MG",59000.0,Found,1829.0,49.05,13.76667
Forsyth,10164,Valid,L6,16300.0,Fell,1829.0,33.01667,-83.96667
Vouillé,24191,Valid,L6,20000.0,Fell,1831.0,46.63333,0.16667
Walker County,24204,Valid,"Iron, IIAB",74800.0,Found,1832.0,34.0,-87.16667
Charwallas,5330,Valid,H6,12000.0,Fell,1834.0,29.48333,75.5
Okniny,18002,Valid,LL6,12000.0,Fell,1834.0,50.83333,25.5
Lime Creek,14651,Valid,"Iron, IAB-ung",20000.0,Found,1834.0,31.55,-87.51667
Wichita County,24257,Valid,"Iron, IAB-MG",145000.0,Found,1836.0,34.06667,-98.91667
Gibeon,10912,Valid,"Iron, IVA",26000000.0,Found,1836.0,-25.5,18.0
Cosby's Creek,5450,Valid,"Iron, IAB-MG",960000.0,Found,1837.0,35.78333,-83.25
Gross-Divina,11207,Valid,H5,10500.0,Fell,1837.0,49.26667,18.71667
Yonozu,30366,Valid,H4/5,31650.0,Fell,1837.0,37.75,139.0
Coahuila,5387,Valid,"Iron, IIAB",2100000.0,Found,1837.0,28.7,-102.73333
Putnam County,18906,Valid,"Iron, IVA",32700.0,Found,1839.0,33.25,-83.25
Magura,15388,Valid,"Iron, IAB-MG",150000.0,Found,1840.0,49.33333,19.48333
Smithville,23654,Valid,"Iron, IAB-MG",70500.0,Found,1840.0,35.98333,-85.85
Carthage,5282,Valid,"Iron, IIIAB",127000.0,Found,1840.0,36.26667,-85.98333
Château-Renard,5332,Valid,L6,30000.0,Fell,1841.0,47.93333,2.91667
Ruff's Mountain,22779,Valid,"Iron, IIIAB",53070.0,Found,1844.0,34.3,-81.4
Barratta,4951,Valid,L4,200000.0,Found,1845.0,-35.3,144.56667
Netschaëvo,16949,Valid,"Iron, IIE-an",250000.0,Found,1846.0,54.23333,35.15
Deep Springs,6637,Valid,"Iron, ungrouped",11500.0,Found,1846.0,36.5,-79.75
Braunau,5133,Valid,"Iron, IIAB",39000.0,Fell,1847.0,50.6,16.3
Marion (Iowa),15424,Valid,L6,28400.0,Fell,1847.0,41.9,-91.6
Singhur,23612,Valid,Pallasite?,14180.0,Found,1847.0,18.31667,73.91667
Seeläsgen,23474,Valid,"Iron, IAB-MG",102000.0,Found,1847.0,52.26667,15.55
Chesterville,5343,Valid,"Iron, IIAB",16500.0,Found,1849.0,34.7,-81.2
Schwetz,23461,Valid,"Iron, IIIAB",21500.0,Found,1850.0,53.4,18.45
Tucson,24061,Valid,"Iron, ungrouped",975000.0,Found,1850.0,31.85,-110.96667
Kesen,12286,Valid,H4,135000.0,Fell,1850.0,38.98333,141.61667
Yatoor,30358,Valid,H5,13600.0,Fell,1852.0,14.3,79.76667
Chupaderos,5363,Valid,"Iron, IIIAB",24300000.0,Found,1852.0,27.0,-105.1
Rodeo,22643,Valid,"Iron, IID",44000.0,Found,1852.0,25.33333,-104.66667
Mezö-Madaras,16628,Valid,L3.7,22700.0,Fell,1852.0,46.5,25.73333
Girgenti,10917,Valid,L6,18000.0,Fell,1853.0,37.31667,13.56667
Tazewell,23891,Valid,"Iron, IAB-sLH",27000.0,Found,1853.0,36.43333,-83.75
Cranbourne,5463,Valid,"Iron, IAB-MG",8600000.0,Found,1854.0,-38.1,145.3
Sarepta,23178,Valid,"Iron, IAB-MG",14000.0,Found,1854.0,48.48333,44.81667
Madoc,15381,Valid,"Iron, IIIAB",168000.0,Found,1854.0,44.5,-77.46667
Duel Hill (1854),7738,Valid,"Iron, IVA",21800.0,Found,1854.0,35.85,-82.7
Verkhne Udinsk,24166,Valid,"Iron, IIIAB",18000.0,Found,1854.0,54.76667,113.98333
Orange River (iron),18023,Valid,"Iron, IIIAB",148800.0,Found,1855.0,-30.0,25.0
Narraburra,16915,Valid,"Iron, IIIAB",32200.0,Found,1855.0,-34.25,147.7
Barranca Blanca,4950,Valid,"Iron, IIE-an",12000.0,Found,1855.0,-28.08333,-69.33333
Fort Pierre,10167,Valid,"Iron, IIIAB",15900.0,Found,1856.0,44.35,-100.38333
Nelson County,16942,Valid,"Iron, IIIF",73030.0,Found,1856.0,37.75,-85.5
Trenzano,24046,Valid,H3/4,11800.0,Fell,1856.0,45.46667,10.0
Hainholz,11473,Valid,Mesosiderite-A4,16500.0,Found,1856.0,52.28333,8.91667
Mincy,16694,Valid,Mesosiderite-B4,89400.0,Found,1857.0,36.55,-93.1
Parnallee,18108,Valid,LL3.6,77600.0,Fell,1857.0,9.23333,78.35
Ohaba,17995,Valid,H5,16250.0,Fell,1857.0,46.06667,23.58333
Ausson,4903,Valid,L5,50000.0,Fell,1858.0,43.08333,0.58333
Augusta County,4897,Valid,"Iron, IIIAB",76000.0,Found,1858.0,38.16667,-79.08333
Trenton,24045,Valid,"Iron, IIIAB",505000.0,Found,1858.0,43.36667,-88.13333
Molina,16715,Valid,H5,144000.0,Fell,1858.0,38.11667,-1.16667
Wooster,24336,Valid,"Iron, IAB-sLL",22700.0,Found,1858.0,40.76667,-81.95
Tombigbee River,24021,Valid,"Iron, IIG",43000.0,Found,1859.0,32.23333,-88.2
Pampanga,18093,Valid,L5,10500.0,Fell,1859.0,15.08333,120.7
Coopertown,5438,Valid,"Iron, IIIE",16800.0,Found,1860.0,36.43333,-87.0
Cleveland,5379,Valid,"Iron, IIIAB",115000.0,Found,1860.0,34.88333,-84.78333
New Concord,16953,Valid,L6,230000.0,Fell,1860.0,40.0,-81.76667
La Grange,12399,Valid,"Iron, IVA",50800.0,Found,1860.0,38.4,-85.36667
Dhurmsala,7640,Valid,LL6,32000.0,Fell,1860.0,32.23333,76.46667
Lutschaunig's Stone,14762,Valid,L6,100000.0,Found,1861.0,-27.0,-70.0
Butsura,5183,Valid,H6,29000.0,Fell,1861.0,27.08333,84.08333
Vaca Muerta,24142,Valid,Mesosiderite-A1,3828000.0,Found,1861.0,-25.75,-70.5
Menow,15485,Valid,H4,10500.0,Fell,1862.0,53.18333,13.15
Tourinnes-la-Grosse,24038,Valid,L6,14500.0,Fell,1863.0,50.78333,4.76667
Wabar,24194,Valid,"Iron, IIIAB",2550000.0,Found,1863.0,21.49972,50.47222
Copiapo,5442,Valid,"Iron, IAB-MG",20000.0,Found,1863.0,-27.3,-70.4
Pillistfer,18822,Valid,EL6,23250.0,Fell,1863.0,58.66667,25.73333
Bacubirito,4919,Valid,"Iron, ungrouped",22000000.0,Found,1863.0,26.2,-107.83333
Obernkirchen,17976,Valid,"Iron, IVA",41000.0,Found,1863.0,52.26667,9.1
Russel Gulch,22788,Valid,"Iron, IIIAB",13200.0,Found,1863.0,39.8,-105.5
Tamentit,23798,Valid,"Iron, IIIAB",510000.0,Found,1864.0,27.71667,-0.25
Orgueil,18026,Valid,CI1,14000.0,Fell,1864.0,43.88333,1.38333
Nerft,16945,Valid,L6,10250.0,Fell,1864.0,56.5,21.5
Aumale,4899,Valid,L6,50000.0,Fell,1865.0,36.16667,3.66667
Cangas de Onis,5252,Valid,H5,34000.0,Fell,1866.0,43.38333,-5.15
Juncal,12211,Valid,"Iron, IIIAB",104000.0,Found,1866.0,-26.0,-69.25
Knyahinya,12335,Valid,L/LL5,500000.0,Fell,1866.0,48.9,22.4
Sone,23667,Valid,H5,17100.0,Fell,1866.0,35.16667,135.33333
Bear Creek,4982,Valid,"Iron, IIIAB",227000.0,Found,1866.0,39.6,-105.3
Frankfort (iron),10176,Valid,"Iron, IIIAB",10900.0,Found,1866.0,38.2,-84.83333
Casas Grandes,5285,Valid,"Iron, IIIAB",1545000.0,Found,1867.0,30.4,-107.8
Cacaria,5188,Valid,"Iron, IIIAB",41400.0,Found,1867.0,24.5,-104.8
Mount Vernon,16806,Valid,"Pallasite, PMG",159000.0,Found,1868.0,36.93333,-87.4
Pultusk,18901,Valid,H5,250000.0,Fell,1868.0,52.76667,21.26667
Kernouve,12284,Valid,H6,80000.0,Fell,1869.0,48.11667,-3.08333
Caperr,5263,Valid,"Iron, IIIAB",113900.0,Found,1869.0,-45.28333,-70.48333
Krähenberg,12353,Valid,LL5,16500.0,Fell,1869.0,49.32694,7.46472
Hessle,11878,Valid,H5,20000.0,Fell,1869.0,59.85,17.66667
Tjabe,24011,Valid,H6,20000.0,Fell,1869.0,-7.08333,111.53333
Iron Creek,12047,Valid,"Iron, IIIAB",175000.0,Found,1869.0,53.0,-112.0
Shingle Springs,23535,Valid,"Iron, ungrouped",39000.0,Found,1869.0,38.66667,-120.93333
Staunton,23716,Valid,"Iron, IIIE",43500.0,Found,1869.0,38.21667,-79.05
Ilimaes (iron),12022,Valid,"Iron, IIIAB",51700.0,Found,1870.0,-26.0,-70.0
McKinney,15463,Valid,L4,150000.0,Found,1870.0,33.18333,-96.71667
Cabezo de Mayo,5185,Valid,L/LL6,25000.0,Fell,1870.0,37.98333,-1.16667
Iquique,12045,Valid,"Iron, IVB",12500.0,Found,1871.0,-20.18333,-69.73333
Bandong,4935,Valid,LL6,11500.0,Fell,1871.0,-6.91667,107.6
Nenntmannsdorf,16943,Valid,"Iron, IIAB",12500.0,Found,1872.0,50.96667,13.95
Tennasilm,23898,Valid,L4,28500.0,Fell,1872.0,58.03333,26.95
Lancé,12455,Valid,CO3.5,51700.0,Fell,1872.0,47.7,1.06667
Santa Apolonia,23160,Valid,"Iron, IIIAB",1316000.0,Found,1872.0,19.21667,-98.3
Khairpur,12288,Valid,EL6,13600.0,Fell,1873.0,29.53333,72.3
Duel Hill (1873),7739,Valid,"Iron, IAB-MG",11300.0,Found,1873.0,35.85,-82.7
Ssyromolotovo,23694,Valid,"Iron, IIIAB",217000.0,Found,1873.0,58.61667,98.93333
Waconda,24195,Valid,L6,50000.0,Found,1873.0,39.33333,-98.16667
Chulafinnee,5362,Valid,"Iron, IIIAB",16220.0,Found,1873.0,33.5,-85.66667
Butler,5182,Valid,"Iron, ungrouped",41000.0,Found,1874.0,38.3,-94.36667
Sevrukovo,23509,Valid,L5,101000.0,Fell,1874.0,50.61667,36.6
Coolac,5432,Valid,"Iron, IAB-MG",19280.0,Found,1874.0,-34.96667,148.125
Homestead,11901,Valid,L5,230000.0,Fell,1875.0,41.8,-91.86667
North Chile,17001,Valid,"Iron, IIAB",300000.0,Found,1875.0,-23.0,-69.0
Santa Catharina,23162,Valid,"Iron, IAB-ung",7000000.0,Found,1875.0,-26.21667,-48.6
Mejillones,15472,Valid,"Iron, IIAB",14830.0,Found,1875.0,-23.1,-70.5
Ställdalen,23712,Valid,H5,34000.0,Fell,1876.0,59.93333,14.95
Mantos Blancos,15408,Valid,"Iron, IVA",10300.0,Found,1876.0,-23.45,-70.11667
Babb's Mill (Blake's Iron),4915,Valid,"Iron, ungrouped",136000.0,Found,1876.0,36.3,-82.88333
Soko-Banja,23661,Valid,LL4,80000.0,Fell,1877.0,43.66667,21.86667
Tieschitz,23989,Valid,H/L3.6,28000.0,Fell,1878.0,49.6,17.11667
Bluff (a),5087,Valid,L5,153300.0,Found,1878.0,29.87861,-96.87222
Estherville,10059,Valid,Mesosiderite-A3/4,320000.0,Fell,1879.0,43.41667,-94.83333
Dalton,5509,Valid,"Iron, IIIAB",53000.0,Found,1879.0,34.8,-84.98333
Tenham,23897,Valid,L6,160000.0,Fell,1879.0,-25.73333,142.95
Densmore (1879),6656,Valid,L6,37200.0,Found,1879.0,39.65,-99.68333
Ivanpah,12062,Valid,"Iron, IIIAB",58000.0,Found,1880.0,35.33333,-115.31667
Eagle Station,7761,Valid,"Pallasite, PES",36000.0,Found,1880.0,38.61667,-84.96667
Veramin,24162,Valid,Mesosiderite-B2,54000.0,Fell,1880.0,35.33333,51.63333
Bingera,5050,Valid,"Iron, IIAB",10841.0,Found,1880.0,-29.88333,150.56667
Admire,380,Valid,"Pallasite, PMG",180000.0,Found,1881.0,38.7,-96.1
Chilkoot,5351,Valid,"Iron, IIIAB",43000.0,Found,1881.0,59.33333,-136.0
Costilla Peak,5453,Valid,"Iron, IIIAB",35500.0,Found,1881.0,36.83333,-105.23333
Thunda,23978,Valid,"Iron, IIIAB",62100.0,Found,1881.0,-25.7,143.05
Winburg,24283,Valid,"Iron, IC-an",50000.0,Found,1881.0,-28.5,27.0
Mocs,16709,Valid,L5-6,300000.0,Fell,1882.0,46.8,24.03333
Rancho de la Pila (1882),22389,Valid,"Iron, IIIAB",46500.0,Found,1882.0,24.11667,-104.3
Brenham,5136,Valid,"Pallasite, PMG-an",4300000.0,Found,1882.0,37.5825,-99.16361
Fukutomi,10836,Valid,L5,11620.0,Fell,1882.0,33.18333,130.2
Hex River Mountains,11880,Valid,"Iron, IIAB",60000.0,Found,1882.0,-33.31667,19.61667
Grand Rapids,10955,Valid,"Iron, ungrouped",51700.0,Found,1883.0,42.96667,-85.76667
São Julião de Moreira,23172,Valid,"Iron, IIAB",162000.0,Found,1883.0,41.76611,-8.58361
Estacado,10057,Valid,H6,290000.0,Found,1883.0,33.9,-101.75
Jenny's Creek,12081,Valid,"Iron, IAB-MG",12000.0,Found,1883.0,37.9,-82.38333
Alfianello,466,Valid,L6,228000.0,Fell,1883.0,45.26667,10.15
Joe Wright Mountain,12174,Valid,"Iron, IIIAB",42600.0,Found,1884.0,35.76667,-91.5
Hammond,11813,Valid,"Iron, ungrouped",24000.0,Found,1884.0,44.91667,-92.43333
Merceditas,15487,Valid,"Iron, IIIAB",42900.0,Found,1884.0,-26.33333,-70.28333
Tysnes Island,24094,Valid,H4,19860.0,Fell,1884.0,60.0,5.61667
Kokstad,12341,Valid,"Iron, IIIE",341000.0,Found,1884.0,-30.55,29.41667
Djati-Pengilon,7652,Valid,H6,166000.0,Fell,1884.0,-7.5,111.5
Youndegin,30374,Valid,"Iron, IAB-MG",3800000.0,Found,1884.0,-32.1,117.71667
Glorieta Mountain,10935,Valid,"Pallasite, PMG-an",148000.0,Found,1884.0,35.6,-105.8
Tanokami Mountain,23872,Valid,"Iron, IIIE",174000.0,Found,1885.0,34.91667,135.96667
Lucky Hill,14749,Valid,"Iron, IIIAB",20500.0,Found,1885.0,17.9,-77.63333
Kulnine,12372,Valid,L6,55300.0,Found,1886.0,-34.15,141.78333
Rafrüti,22369,Valid,"Iron, ungrouped",18200.0,Found,1886.0,47.0,7.83333
Kyushu,12390,Valid,L6,45000.0,Fell,1886.0,32.03333,130.63333
Cabin Creek,5186,Valid,"Iron, IIIAB",48500.0,Fell,1886.0,35.5,-93.5
Tonganoxie,24025,Valid,"Iron, IIIAB",11800.0,Found,1886.0,39.08333,-95.11667
Mount Joy,16779,Valid,"Iron, IIAB",384000.0,Found,1887.0,39.78333,-77.21667
Indio Rico,12032,Valid,H6,15000.0,Found,1887.0,-38.33333,-60.88333
Pipe Creek,18830,Valid,H6,13600.0,Found,1887.0,29.68333,-98.91667
Holland's Store,11896,Valid,"Iron, IIAB",12200.0,Found,1887.0,34.36667,-85.43333
Pan de Azucar,18094,Valid,"Iron, IAB complex",19500.0,Found,1887.0,-26.5,-69.5
Morristown,16750,Valid,Mesosiderite-A3,16300.0,Found,1887.0,36.2,-83.38333
San Emigdio,23122,Valid,H4,36000.0,Found,1887.0,36.0,-119.0
Kendall County,12274,Valid,"Iron, IAB-ung",21000.0,Found,1887.0,29.4,-98.5
Indian Valley,12029,Valid,"Iron, IIAB",14100.0,Found,1887.0,36.93333,-80.5
Crab Orchard,5461,Valid,Mesosiderite-A1,48500.0,Found,1887.0,35.83333,-84.91667
Waldron Ridge,24203,Valid,"Iron, IAB complex",13600.0,Found,1887.0,36.63333,-83.83333
Carlton,5277,Valid,"Iron, IAB-sLM",81200.0,Found,1887.0,31.91667,-98.03333
Silver Crown,23597,Valid,"Iron, IAB-MG",11600.0,Found,1887.0,41.23333,-104.98333
Ochansk,17979,Valid,H4,500000.0,Fell,1887.0,57.78333,55.26667
St. Genevieve County,23086,Valid,"Iron, IIIF",244500.0,Found,1888.0,37.96667,-90.31667
Bischtübe,5057,Valid,"Iron, IAB-sLL",48250.0,Found,1888.0,51.95,62.2
La Primitiva,12402,Valid,"Iron, IIG",27400.0,Found,1888.0,-19.91667,-69.81667
Bella Roca,5003,Valid,"Iron, IIIAB",33000.0,Found,1888.0,24.9,-105.4
Eli Elwah,10013,Valid,L6,15200.0,Found,1888.0,-34.5,144.71667
Lundsgård,14755,Valid,L6,11000.0,Fell,1889.0,56.21667,13.03333
Travis County (a),24040,Valid,H5,175400.0,Found,1889.0,30.3,-97.7
Jelica,12078,Valid,LL6,34000.0,Fell,1889.0,43.83333,20.44167
Apoala,2317,Valid,"Iron, IIIAB",85000.0,Found,1889.0,17.7,-97.0
Ergheo,10044,Valid,L5,20000.0,Fell,1889.0,1.16667,44.16667
Kenton County,12280,Valid,"Iron, IIIAB",194000.0,Found,1889.0,38.81667,-84.6
Gilgoin,10915,Valid,H5,147000.0,Found,1889.0,-30.38333,147.2
Sacramento Mountains,22794,Valid,"Iron, IIIAB",237200.0,Found,1890.0,32.91667,-104.66667
Forest City,10119,Valid,H5,152000.0,Fell,1890.0,43.25,-93.66667
Bridgewater,5139,Valid,"Iron, IID",13600.0,Found,1890.0,35.71667,-81.86667
Villedieu,24182,Valid,H4,14000.0,Found,1890.0,47.91667,4.35
Morland,16746,Valid,H6,295000.0,Found,1890.0,39.33333,-100.06667
Jianshi,12087,Valid,"Iron, IIIAB",600000.0,Fell,1890.0,30.80833,109.5
Augustinovka,4898,Valid,"Iron, IIIAB",400000.0,Found,1890.0,48.06667,35.08333
Farmington,10074,Valid,L5,89400.0,Fell,1890.0,39.75,-97.03333
Shirahagi,23536,Valid,"Iron, IVA",22700.0,Found,1890.0,36.7,137.36667
Franceville,10173,Valid,"Iron, IIIAB",18800.0,Found,1890.0,38.81667,-104.61667
Toubil River,24034,Valid,"Iron, IIIAB",22000.0,Found,1891.0,55.88333,89.1
Long Island,14694,Valid,L6,564000.0,Found,1891.0,39.93333,-99.6
Kingston,12318,Valid,"Iron, ungrouped",12900.0,Found,1891.0,32.9,-107.73333
Canyon Diablo,5257,Valid,"Iron, IAB-MG",30000000.0,Found,1891.0,35.05,-111.03333
Forsyth County,10165,Valid,"Iron, IIAB",22700.0,Found,1891.0,36.1,-80.2
Indarch,12027,Valid,EH4,27000.0,Fell,1891.0,39.75,46.66667
Roebourne,22644,Valid,"Iron, IIIAB",86860.0,Found,1892.0,-22.33333,118.0
Bansur,4936,Valid,L6,15000.0,Fell,1892.0,27.7,76.33333
Saotome,23174,Valid,"Iron, IVA",10880.0,Found,1892.0,36.5,137.0
Moonbi,16734,Valid,"Iron, IIIF",13200.0,Found,1892.0,-30.91667,151.28333
Bath,4974,Valid,H4,21000.0,Fell,1892.0,45.41667,-98.31667
Guareña,11439,Valid,H6,39000.0,Fell,1892.0,38.73333,-6.01667
Ballinoo,4931,Valid,"Iron, IIC",42200.0,Found,1892.0,-27.7,115.76667
Dayton,6620,Valid,"Iron, IAB-sLH",26300.0,Found,1892.0,39.75,-84.16667
Oroville,18032,Valid,"Iron, IIIAB",24500.0,Found,1893.0,39.68333,-121.63333
Beaver Creek,4986,Valid,H5,14000.0,Fell,1893.0,51.16667,-117.33333
Plymouth,18850,Valid,"Iron, IIIAB",14000.0,Found,1893.0,41.33333,-86.31667
El Capitan,7794,Valid,"Iron, IIIAB",27500.0,Found,1893.0,33.5,-105.5
Kaufman,12267,Valid,L5,23000.0,Found,1893.0,32.58333,-96.41667
Ness County (1894),16946,Valid,L6,82000.0,Found,1894.0,38.5,-99.6
Fisher,10107,Valid,L6,17600.0,Fell,1894.0,47.81667,-96.85
Jerome (Kansas),12083,Valid,L4,29600.0,Found,1894.0,38.76667,-100.73333
Nocoleche,16987,Valid,"Iron, IC-an",20000.0,Found,1895.0,-29.86667,144.21667
Reed City,22552,Valid,"Iron, ungrouped",20000.0,Found,1895.0,43.86667,-85.51667
Oakley (stone),17973,Valid,H6,27700.0,Found,1895.0,38.95,-101.01667
Covert,5456,Valid,H5,61000.0,Found,1896.0,39.2,-98.78333
Arispe,2332,Valid,"Iron, IC",683000.0,Found,1896.0,30.33333,-109.98333
Loreto,14705,Valid,"Iron, IIIAB",94800.0,Found,1896.0,26.01667,-111.36667
Zavid,30396,Valid,L6,95000.0,Fell,1897.0,44.4,19.11667
Los Reyes,14709,Valid,"Iron, IIIAB",19500.0,Found,1897.0,19.26667,-97.28333
San Angelo,23117,Valid,"Iron, IIIAB",88000.0,Found,1897.0,31.41667,-100.35
Mungindi,16872,Valid,"Iron, IAB-sLM",51300.0,Found,1897.0,-28.93333,148.95
Cedartown,5304,Valid,"Iron, IIAB",11300.0,Found,1898.0,34.01667,-85.26667
Armanty,2335,Valid,"Iron, IIIE",28000000.0,Found,1898.0,47.0,88.0
Weaver Mountains,24227,Valid,"Iron, IVB",38800.0,Found,1898.0,34.25,-112.75
Quesa,22360,Valid,"Iron, IAB-ung",10750.0,Fell,1898.0,39.0,-0.66667
Kodaikanal,12338,Valid,"Iron, IIE",15900.0,Found,1898.0,10.26667,77.4
Bendock,5016,Valid,Pallasite,27000.0,Found,1898.0,-37.15,148.91667
Sierra Gorda,23590,Valid,"Iron, IIAB",26000.0,Found,1898.0,-22.9,-69.35
Bjurböle,5064,Valid,L/LL4,330000.0,Fell,1899.0,60.4,25.8
Allegan,2276,Valid,H5,32000.0,Fell,1899.0,42.53333,-85.88333
La Porte,12401,Valid,"Iron, IIIAB",14540.0,Found,1900.0,41.6,-86.71667
N'Goureyma,16968,Valid,"Iron, ungrouped",37500.0,Fell,1900.0,13.85,-4.38333
Cedar (Texas),5303,Valid,H4,26000.0,Found,1900.0,29.82806,-96.90861
Hvittis,11989,Valid,EL6,14000.0,Fell,1901.0,61.18333,22.68333
Ashfork,2348,Valid,"Iron, IAB-MG",27000.0,Found,1901.0,35.25,-112.5
Phillips County (stone),18808,Valid,L6,57900.0,Fell,1901.0,40.0,-99.25
Saline,23109,Valid,H5,30800.0,Found,1901.0,39.4,-100.4
Finmarken,10103,Valid,"Pallasite, PMG",78300.0,Found,1902.0,70.0,24.0
Marjalahti,15426,Valid,"Pallasite, PMG",45000.0,Fell,1902.0,61.5,30.5
Bath Furnace,4975,Valid,L6,86000.0,Fell,1902.0,38.25,-83.75
Mount Browne,16766,Valid,H6,11300.0,Fell,1902.0,-29.8,141.7
Willamette,24269,Valid,"Iron, IIIAB",15500000.0,Found,1902.0,45.36667,-122.58333
Veliko-Nikolaevsky Priisk,24157,Valid,"Iron, IIIAB",24267.0,Found,1902.0,53.83333,97.33333
Kouga Mountains,12352,Valid,"Iron, IIIAB",1173000.0,Found,1903.0,-33.61667,24.0
Mount Dyrring,16772,Valid,Pallasite,11300.0,Found,1903.0,-32.33333,151.2
Davis Mountains,6615,Valid,"Iron, IIIAB",689000.0,Found,1903.0,30.75,-104.25
Cumpas,5497,Valid,"Iron, IIIAB",28600.0,Found,1903.0,30.0,-109.66667
Knowles,12334,Valid,"Iron, IIIAB",161000.0,Found,1903.0,36.9,-100.21667
Jackalsfontein,12065,Valid,L6,48000.0,Fell,1903.0,-32.5,21.9
Tamarugal,23794,Valid,"Iron, IIIAB",320000.0,Found,1903.0,-20.8,-69.66667
Tlacotepec,24013,Valid,"Iron, IVB",71000.0,Found,1903.0,18.65,-97.55
Uberaba,24096,Valid,H5,40000.0,Fell,1903.0,-19.81667,-48.78333
Uwet,24138,Valid,"Iron, IIAB",54000.0,Found,1903.0,5.28333,8.25
Billings,5047,Valid,"Iron, IIIAB",24500.0,Found,1903.0,37.06667,-93.55
St. Mark's,23090,Valid,EH5,13780.0,Fell,1903.0,-32.01667,27.41667
Lancaster County,12454,Valid,Iron,13000.0,Found,1903.0,40.66667,-96.75
Kansas City (1903),12248,Valid,H5,36000.0,Found,1903.0,39.1,-94.63333
Shelburne,23529,Valid,L5,18600.0,Fell,1904.0,44.05,-80.16667
Puente del Zacate,18894,Valid,"Iron, IIIAB",30790.0,Found,1904.0,27.86667,-101.5
Bagnone,4921,Valid,"Iron, IIIAB",48000.0,Found,1904.0,44.31667,9.98333
Delegate,6641,Valid,"Iron, IIIAB-an",27700.0,Found,1904.0,-37.0,149.03333
El Perdido,7813,Valid,H5,30250.0,Found,1905.0,-38.68333,-61.1
Ellerslie,10020,Valid,L5,10200.0,Found,1905.0,-28.9,146.76667
Modoc (1905),16711,Valid,L6,35000.0,Fell,1905.0,38.5,-101.1
Karkh,12262,Valid,L6,22000.0,Fell,1905.0,27.8,67.16667
Skookum,23623,Valid,"Iron, IVB",16000.0,Found,1905.0,63.91667,-139.33333
Selma,23486,Valid,H4,140600.0,Found,1906.0,32.4,-87.0
Muonionalusta,16873,Valid,"Iron, IVA",230000.0,Found,1906.0,67.8,23.1
Duchesne,7737,Valid,"Iron, IVA",22700.0,Found,1906.0,40.38333,-110.86667
Perryville,18795,Valid,"Iron, IIC",17500.0,Found,1906.0,37.73333,-89.85
Norfolk,16993,Valid,"Iron, IIIAB",23000.0,Found,1907.0,36.9,-76.3
Shrewsbury,23581,Valid,"Iron, IAB-sLL",12000.0,Found,1907.0,39.76667,-76.66667
Bodaibo,5094,Valid,"Iron, IVA",15900.0,Found,1907.0,57.85,114.2
Ainsworth,422,Valid,"Iron, IIAB",80650.0,Found,1907.0,42.6,-99.8
Huizopa,11985,Valid,"Iron, IVA",140000.0,Found,1907.0,28.9,-108.56667
Mount Ayliff,16763,Valid,"Iron, IAB-MG",13600.0,Found,1907.0,-30.81667,29.35
Guffey,11441,Valid,"Iron, ungrouped",309000.0,Found,1907.0,38.76667,-105.51667
Quinn Canyon,22364,Valid,"Iron, IIIAB",1450000.0,Found,1908.0,38.08333,-115.53333
Arltunga,2334,Valid,"Iron, IID-an",18100.0,Found,1908.0,-23.33333,134.66667
Hermitage Plains,11877,Valid,L6,32000.0,Found,1909.0,-31.73333,146.4
Murnpeowie,16878,Valid,"Iron, IC",1143000.0,Found,1909.0,-29.58333,139.9
Gifu,10914,Valid,L6,14290.0,Fell,1909.0,35.53333,136.88333
Haskell,11849,Valid,L5,36000.0,Found,1909.0,33.21333,-99.73167
Teplá,23902,Valid,"Iron, IIIAB",17000.0,Found,1909.0,49.98333,12.86667
Mount Dooling,16771,Valid,"Iron, IC",734000.0,Found,1909.0,-29.45,119.71667
Gun Creek,11451,Valid,"Iron, ungrouped",22700.0,Found,1909.0,34.0,-111.0
Ahumada,419,Valid,"Pallasite, PMG",52600.0,Found,1909.0,30.7,-105.5
Rateldraai,22397,Valid,"Iron, IIIAB",549000.0,Found,1909.0,-28.83333,21.13333
St. Michel,23093,Valid,L6,17000.0,Fell,1910.0,61.65,27.2
Huntsman,11988,Valid,H4,14500.0,Found,1910.0,41.18333,-103.0
Pooposo,18869,Valid,"Iron, IAB-MG",12000.0,Found,1910.0,-18.33333,-66.83333
Tendo,23896,Valid,"Iron, IIIAB",10100.0,Found,1910.0,38.35,140.37333
Vigarano,24174,Valid,CV3,15000.0,Fell,1910.0,44.85,11.4
Dorofeevka,7717,Valid,"Iron, IIF",12600.0,Found,1910.0,53.33333,70.06667
Demina,6649,Valid,L6,16400.0,Fell,1911.0,51.46667,84.76667
Mundrabilla,16852,Valid,"Iron, IAB-ung",24000000.0,Found,1911.0,-30.78333,127.55
Cruz del Aire,5478,Valid,"Iron, ungrouped",23000.0,Found,1911.0,26.5,-100.0
Holbrook,11894,Valid,L/LL6,220000.0,Fell,1912.0,34.9,-110.18333
Floydada,10114,Valid,"Iron, IIIAB",12500.0,Found,1912.0,33.98333,-101.28333
Gretna,11201,Valid,L5,82000.0,Found,1912.0,39.93333,-99.21667
Colomera,5404,Valid,"Iron, IIE",134000.0,Found,1912.0,37.43333,-3.65
Molong,16716,Valid,"Pallasite, PMG",104000.0,Found,1912.0,-33.28333,148.88333
N'Kandhla,16983,Valid,"Iron, IID",17200.0,Fell,1912.0,-28.56667,30.7
Mount Edith,16773,Valid,"Iron, IIIAB",326000.0,Found,1913.0,-22.5,116.16667
Owens Valley,18061,Valid,"Iron, IIIAB",192800.0,Found,1913.0,37.46667,-118.0
Chinga,5353,Valid,"Iron, ungrouped",209400.0,Found,1913.0,51.05833,94.4
Willow Creek,24276,Valid,"Iron, IIIE",51000.0,Found,1914.0,43.46667,-106.76667
Artracoona,2341,Valid,L6,20810.0,Found,1914.0,-29.06667,139.91667
Ysleta,30375,Valid,"Iron, ungrouped",140700.0,Found,1914.0,31.65,-106.18333
Cratheús (1931),5466,Valid,"Iron, IVA",27500.0,Found,1914.0,-5.25,-40.5
Carraweena,5281,Valid,L3.9,31600.0,Found,1914.0,-29.23333,139.93333
Palinshih,18077,Valid,Iron,18000.0,Fell,1914.0,43.48333,118.61667
Appley Bridge,2318,Valid,LL6,15000.0,Fell,1914.0,53.58333,-2.71667
Kuttippuram,12384,Valid,L6,45000.0,Fell,1914.0,10.83333,76.03333
Morasko,16741,Valid,"Iron, IAB-MG",290000.0,Found,1914.0,52.46667,16.9
Karee Kloof,12259,Valid,"Iron, IAB-sLL",92100.0,Found,1914.0,-31.6,25.8
Saint-Sauveur,23101,Valid,EH5,14000.0,Fell,1914.0,43.73333,1.38333
Ryechki,22791,Valid,L5,13000.0,Fell,1914.0,51.13333,34.5
Kopjes Vlei,12345,Valid,"Iron, IIAB",13600.0,Found,1914.0,-29.3,21.15
Albin (pallasite),455,Valid,"Pallasite, PMG",37600.0,Found,1915.0,41.5,-104.1
Meester-Cornelis,15470,Valid,H5,24750.0,Fell,1915.0,-6.23333,106.88333
Gladstone (iron),10920,Valid,"Iron, IAB-MG",736600.0,Found,1915.0,-23.9,151.3
Rosebud,22767,Valid,H5,54900.0,Found,1915.0,30.81667,-97.05
Treysa,24050,Valid,"Iron, IIIAB-an",63000.0,Fell,1916.0,50.91667,9.18333
Cachari,5189,Valid,Eucrite-mmict,23500.0,Found,1916.0,-36.4,-59.5
Boguslavka,5098,Valid,"Iron, IIAB",256000.0,Fell,1916.0,44.55,131.63333
Mount Magnet,16780,Valid,"Iron, IAB-sHH",16600.0,Found,1916.0,-28.16667,118.5
Angelica,2300,Valid,"Iron, IIIAB",14800.0,Found,1916.0,44.25,-88.25
Annaheim,2306,Valid,"Iron, IAB-sLL",13500.0,Found,1916.0,52.33333,-104.86667
Plainview (1917),18841,Valid,H5,700000.0,Found,1917.0,34.11667,-101.78333
Bluff (b),5088,Valid,L4,16000.0,Found,1917.0,29.86306,-96.92667
Nan Yang Pao,16903,Valid,L6,52900.0,Fell,1917.0,35.66667,103.5
Pierceville (iron),18819,Valid,"Iron, IIIAB",100000.0,Found,1917.0,37.86667,-100.66667
Waterville,24219,Valid,"Iron, IAB-ung",37125.0,Found,1917.0,47.767778,-119.876389
Colby (Wisconsin),5395,Valid,L6,104000.0,Fell,1917.0,44.9,-90.28333
Strathmore,23729,Valid,L6,13400.0,Fell,1917.0,56.58333,-3.25
Tulia (a),24066,Valid,H3-4,86000.0,Found,1917.0,34.61667,-101.95
Pei Xian,18784,Valid,Iron,400000.0,Found,1917.0,34.7,117.0
Youanmi,30373,Valid,"Iron, IIIAB",118400.0,Found,1917.0,-29.5,118.75
Saratov,23176,Valid,L4,200000.0,Fell,1918.0,52.55,46.55
Yenberrie,30361,Valid,"Iron, IAB-MG",132000.0,Found,1918.0,-14.25,132.01667
Glasatovo,10926,Valid,H4,152000.0,Fell,1918.0,57.35,37.61667
Kimble County,12311,Valid,H6,153800.0,Found,1918.0,30.41667,-99.4
Richardton,22599,Valid,H5,90000.0,Fell,1918.0,46.88333,-102.31667
Somervell County,23665,Valid,"Pallasite, PMG",11800.0,Found,1919.0,32.18333,-97.8
Anthony,2310,Valid,H5,20000.0,Found,1919.0,37.08333,-98.05
Cumberland Falls,5496,Valid,Aubrite,17000.0,Fell,1919.0,36.83333,-84.35
Signal Mountain,23592,Valid,"Iron, IVA",63500.0,Found,1919.0,32.5,-115.5
Bur-Gheluai,5169,Valid,H5,120000.0,Fell,1919.0,5.0,48.0
Lake Brown,12437,Valid,L6,23400.0,Found,1919.0,-31.0,118.5
Otchinjau,18041,Valid,"Iron, IVA",30000.0,Found,1919.0,-16.5,14.0
Mayodan,15452,Valid,"Iron, IIAB",15400.0,Found,1920.0,36.38333,-79.86667
Hoba,11890,Valid,"Iron, IVB",60000000.0,Found,1920.0,-19.58333,17.91667
Unter-Mässing,24124,Valid,"Iron, IIC",80000.0,Found,1920.0,49.09028,11.33333
Merua,15492,Valid,H5,71400.0,Fell,1920.0,25.48333,81.98333
Wu-chu-mu-ch'in,24341,Valid,"Iron, IAB-ung",68860.0,Found,1920.0,45.5,118.0
Vaalbult,24141,Valid,"Iron, IAB-MG",11800.0,Found,1921.0,-29.75,22.5
Milly Milly,16688,Valid,"Iron, IIIAB",26500.0,Found,1921.0,-26.11667,116.66667
Santa Luzia,23166,Valid,"Iron, IIAB",1918000.0,Found,1921.0,-16.26667,-47.95
Navajo,16926,Valid,"Iron, IIAB",2184000.0,Found,1921.0,35.33333,-109.5
Uegit,24105,Valid,"Iron, IIIAB",252000.0,Found,1921.0,3.81667,43.33333
Rose City,22766,Valid,H5,10600.0,Fell,1921.0,44.51667,-83.95
Tuan Tuc,24060,Valid,L6,13100.0,Fell,1921.0,9.66667,105.66667
Piedade do Bagre,18817,Valid,"Iron, ungrouped",59000.0,Found,1922.0,-18.94167,-44.98333
Tieraco Creek,23987,Valid,"Iron, IIIAB",41700.0,Found,1922.0,-26.33333,118.33333
Tjerebon,24012,Valid,L5,16500.0,Fell,1922.0,-6.66667,106.58333
Odessa (iron),17985,Valid,"Iron, IAB-MG",1600000.0,Found,1922.0,31.71667,-102.4
Dungannon,7747,Valid,"Iron, IAB-MG",13000.0,Found,1922.0,36.85,-82.45
Glasgow,10927,Valid,"Iron, IIIAB",20400.0,Found,1922.0,37.01667,-85.91667
New Baltimore,16952,Valid,"Iron, ungrouped",20000.0,Found,1922.0,40.0,-78.85
Woodward County,24333,Valid,H4,45500.0,Found,1923.0,36.5,-99.5
Seneca Township,23499,Valid,"Iron, IVA",11500.0,Found,1923.0,41.78333,-84.18333
Nakhon Pathom,16899,Valid,L6,23200.0,Fell,1923.0,13.73333,100.08333
Savannah,23189,Valid,"Iron, IIIAB",60000.0,Found,1923.0,35.16667,-88.18333
Carbo,5266,Valid,"Iron, IID",454000.0,Found,1923.0,29.66667,-111.5
Montferré,16727,Valid,H5,149000.0,Fell,1923.0,43.39056,1.9625
Coldwater (iron),5398,Valid,Iron,18400.0,Found,1923.0,37.26667,-99.33333
Dalgaranga,5506,Valid,Mesosiderite-A,12200.0,Found,1923.0,-27.71667,117.25
Olivenza,18013,Valid,LL5,150000.0,Fell,1924.0,38.71667,-7.06667
Béréba,5028,Valid,Eucrite-mmict,18000.0,Fell,1924.0,11.65,-3.65
Johnstown,12198,Valid,Diogenite,40300.0,Fell,1924.0,40.35,-104.9
Beeler,4994,Valid,LL6,11620.0,Found,1924.0,38.53333,-100.21667
Achilles,369,Valid,H5,16000.0,Found,1924.0,39.77667,-100.81333
Huckitta,11922,Valid,"Pallasite, PMG-an",2300000.0,Found,1924.0,-22.36667,135.76667
Coldwater (stone),5399,Valid,H5,16000.0,Found,1924.0,37.26667,-99.33333
Lake Labyrinth,12444,Valid,LL6,25850.0,Found,1924.0,-30.53333,134.75
Weekeroo Station,24230,Valid,"Iron, IIE-an",94200.0,Found,1924.0,-32.26667,139.86667
Four Corners,10172,Valid,"Iron, IAB-ung",25000.0,Found,1924.0,37.0,-109.05
Opava,18021,Valid,Iron,14300.0,Found,1925.0,49.96667,17.9
Aïr,424,Valid,L6,24000.0,Fell,1925.0,19.08333,8.38333
Sandia Mountains,23156,Valid,"Iron, IIAB",45000.0,Found,1925.0,35.25,-106.5
Glenormiston,10933,Valid,"Iron, ungrouped",40800.0,Found,1925.0,-22.9,138.71667
Patos de Minas (hexahedrite),18113,Valid,"Iron, IIAB",32000.0,Found,1925.0,-18.58333,-46.53333
Patos de Minas (octahedrite),18114,Valid,"Iron, IAB complex",200000.0,Found,1925.0,-18.58333,-46.53333
Deport,6662,Valid,"Iron, IAB-sLL",15000.0,Found,1926.0,33.51667,-95.3
Oakley (iron),17972,Valid,"Iron, IIIF",111000.0,Found,1926.0,42.33333,-113.7
Hugoton,11984,Valid,H5,350000.0,Found,1927.0,37.2,-101.35
Udei Station,24101,Valid,"Iron, IAB-ung",103000.0,Fell,1927.0,7.95,8.08333
Social Circle,23659,Valid,"Iron, IVA",99300.0,Found,1927.0,33.7,-83.7
Dix,7651,Valid,L6,44000.0,Found,1927.0,41.23333,-103.48333
Hinojal,11887,Valid,L6,50000.0,Found,1927.0,-32.36667,-60.15
Wallapai,24206,Valid,"Iron, IID",430000.0,Found,1927.0,35.8,-113.7
Tilden,23998,Valid,L6,74800.0,Fell,1927.0,38.2,-89.68333
Pinnaroo,18827,Valid,Mesosiderite-A4,39400.0,Found,1927.0,-35.38333,140.91667
Orlovka,18029,Valid,H5,40500.0,Found,1928.0,56.0,76.75
Naoki,16908,Valid,H6,17000.0,Fell,1928.0,19.25,77.0
Piñon,18828,Valid,"Iron, ungrouped",17850.0,Found,1928.0,32.66667,-105.1
Winona,24285,Valid,Winonaite,24000.0,Found,1928.0,35.2,-111.4
Taicang,23787,Valid,Stone-uncl,20000.0,Found,1928.0,31.5,121.08333
Olmedilla de Alarcón,18015,Valid,H5,40000.0,Fell,1929.0,39.56667,-2.1
Beardsley,4984,Valid,H5,16000.0,Fell,1929.0,39.8,-101.2
Ozona,18066,Valid,H6,127500.0,Found,1929.0,30.73333,-101.3
Campbellsville,5245,Valid,"Iron, IIIAB",15400.0,Found,1929.0,37.36667,-85.36667
Chihuahua City,5350,Valid,"Iron, IC",54000.0,Found,1929.0,28.66667,-106.11667
Grant,10957,Valid,"Iron, IIIAB",525000.0,Found,1929.0,35.16667,-107.88333
Oldenburg (1930),18009,Valid,L6,16570.0,Fell,1930.0,52.95,8.16667
Mbosi,15456,Valid,"Iron, ungrouped",16000000.0,Found,1930.0,-9.11667,33.06667
Karoonda,12264,Valid,CK4,41730.0,Fell,1930.0,-35.08333,139.91667
Miami,16630,Valid,H5,57700.0,Found,1930.0,35.66667,-100.6
Landes,12457,Valid,"Iron, IAB-MG",69800.0,Found,1930.0,38.9,-79.18333
Paragould,18101,Valid,LL5,408000.0,Fell,1930.0,36.06667,-90.5
Bencubbin,5014,Valid,CBa,118000.0,Found,1930.0,-30.75,117.78333
Tell,23893,Valid,H6,16600.0,Found,1930.0,34.38333,-100.4
Miller (Arkansas),16645,Valid,H5,16700.0,Fell,1930.0,35.4,-92.05
Uwharrie,24139,Valid,"Iron, IIIAB",72700.0,Found,1930.0,35.51667,-79.96667
Springwater,23692,Valid,"Pallasite, PMG-an",67600.0,Found,1931.0,52.0,-108.3
Henbury,11872,Valid,"Iron, IIIAB",2000000.0,Found,1931.0,-24.56667,133.16667
Bruno,5158,Valid,"Iron, IIAB",13000.0,Found,1931.0,52.26667,-105.35
Bear Lodge,4983,Valid,"Iron, IIIAB",48500.0,Found,1931.0,44.5,-104.2
Tatahouine,23884,Valid,Diogenite,12000.0,Fell,1931.0,32.95,10.41667
Ioka,12040,Valid,L3.5,31500.0,Found,1931.0,40.25,-110.08333
Alikatnima,471,Valid,"Iron, ungrouped",20000.0,Found,1931.0,-23.33333,134.11667
Osseo,18037,Valid,"Iron, IAB complex",46300.0,Found,1931.0,47.63333,-80.08333
Gualeguaychú,11432,Valid,H6,22000.0,Fell,1932.0,-33.0,-58.61667
Guanghua,11434,Valid,"Iron, IVA",190000.0,Found,1932.0,32.4,111.7
Altonah,2286,Valid,"Iron, IVA",21500.0,Found,1932.0,40.56667,-110.48333
Nordheim,16992,Valid,"Iron, ungrouped",15150.0,Found,1932.0,28.86667,-97.61667
Lanton,12463,Valid,"Iron, IIIAB",13780.0,Found,1932.0,36.53333,-91.8
Wagon Mound,24196,Valid,L6,87500.0,Found,1932.0,35.84083,-104.58583
Baquedano,4939,Valid,"Iron, IIIAB",22000.0,Found,1932.0,-23.3,-69.88333
Deelfontein,6636,Valid,"Iron, IAB-MG",28000.0,Found,1932.0,-30.18333,23.26667
Kyancutta,12386,Valid,"Iron, IIIAB",32700.0,Found,1932.0,-33.28333,136.0
Lake Murray,12446,Valid,"Iron, IIAB",270000.0,Found,1933.0,34.1,-97.0
Melrose (a),15475,Valid,L5,36400.0,Found,1933.0,34.38333,-103.61667
Zemaitkiemis,30399,Valid,L6,44100.0,Fell,1933.0,55.3,25.0
La Lande,12400,Valid,L5,30000.0,Found,1933.0,34.45,-104.13333
Holyoke,11900,Valid,H4,11200.0,Found,1933.0,40.56667,-102.3
Harrisonville,11844,Valid,L6,46500.0,Found,1933.0,38.65,-94.33333
Roy (1933),22774,Valid,L5,47200.0,Found,1933.0,35.95,-104.2
Pervomaisky,18798,Valid,L6,66000.0,Fell,1933.0,56.63333,39.43333
Chajari,5316,Valid,L5,18300.0,Fell,1933.0,-30.78333,-58.05
Spearman,23687,Valid,"Iron, IIIAB",10400.0,Found,1934.0,36.25,-101.21667
Bennett County,5022,Valid,"Iron, IIAB",89000.0,Found,1934.0,43.5,-101.25
Bahjoi,4922,Valid,"Iron, IAB-sLL",10322.0,Fell,1934.0,28.48333,78.5
Cope,5440,Valid,H5,12000.0,Found,1934.0,39.66667,-102.83333
Willard (b),24271,Valid,H3.6,12700.0,Found,1934.0,34.5,-105.83333
Glen Rose (iron),10932,Valid,"Iron, ungrouped",11000.0,Found,1934.0,32.25,-97.71667
Weldona,24234,Valid,H4,27700.0,Found,1934.0,40.35,-103.95
Farmville,10075,Valid,H4,56000.0,Fell,1934.0,35.55,-77.53333
Nashville (iron),16920,Valid,Iron,18000.0,Found,1934.0,35.96667,-77.96667
Mangwendi,15405,Valid,LL6,22300.0,Fell,1934.0,-17.65,31.6
Para de Minas,18099,Valid,"Iron, IVA",116300.0,Found,1934.0,-19.86667,-44.61667
Gruver,11428,Valid,H4,13100.0,Found,1934.0,36.33333,-101.4
Tryon,24056,Valid,L6,15900.0,Found,1934.0,41.55,-100.96667
Taiban,23785,Valid,L5,25000.0,Found,1934.0,34.45,-104.01667
Patwar,18171,Valid,Mesosiderite-A1,37350.0,Fell,1935.0,23.15,91.18333
Łowicz,14718,Valid,Mesosiderite-A3,59000.0,Fell,1935.0,52.0,19.91667
Hasparos,11850,Valid,"Iron, IAB-MG",12880.0,Found,1935.0,34.0,-105.5
Maria Elena (1935),15417,Valid,"Iron, IVA",15500.0,Found,1935.0,-22.33333,-69.66667
Carver,5284,Valid,"Iron, IIAB",94000.0,Found,1935.0,32.0,-86.0
Nullarbor 001,17941,Valid,H5,40000.0,Found,1935.0,-31.0,132.0
Perpeti,18793,Valid,L6,23474.0,Fell,1935.0,23.325,91.0
Cuero,5493,Valid,H5,46500.0,Found,1936.0,29.01667,-97.28333
Negrillos,16939,Valid,"Iron, IIAB",28500.0,Found,1936.0,-19.88333,-69.83333
Farley,10073,Valid,H5,19400.0,Found,1936.0,36.33333,-104.05
New Leipzig,16955,Valid,"Iron, IAB-MG",20000.0,Found,1936.0,46.36667,-101.95
Adrian,388,Valid,H4,22600.0,Found,1936.0,35.15,-102.71667
Gladstone (stone),10921,Valid,H4,57300.0,Found,1936.0,36.3,-104.0
Arriba,2339,Valid,L5,31100.0,Found,1936.0,39.3,-103.25
Channing,5324,Valid,H5,15300.0,Found,1936.0,35.71667,-102.28333
Marlow,15428,Valid,L5,68000.0,Found,1936.0,34.6,-97.91667
Clark County,5373,Valid,"Iron, IIIF",11300.0,Found,1937.0,38.0,-84.16667
Boxhole,5126,Valid,"Iron, IIIAB",500000.0,Found,1937.0,-22.61667,135.2
Wonyulgunna,24329,Valid,"Iron, IIIAB",37800.0,Found,1937.0,-24.91667,120.06667
Texline,23906,Valid,H5,26200.0,Found,1937.0,36.4,-103.01667
Beenham,4995,Valid,L5,44400.0,Found,1937.0,36.21667,-103.65
Arcadia,2326,Valid,LL6,19400.0,Found,1937.0,41.41667,-99.1
Shaw,23526,Valid,L6/7,17500.0,Found,1937.0,39.53333,-103.33333
Bristol,5143,Valid,"Iron, IVA",20000.0,Found,1937.0,36.56667,-82.18333
Brownfield (1937),5151,Valid,H3.7,40960.0,Found,1937.0,33.21667,-102.18333
Kainsaz,12229,Valid,CO3.2,200000.0,Fell,1937.0,55.43333,53.25
Peetz,18783,Valid,L6,11500.0,Found,1937.0,40.95,-103.08333
Scurry,23468,Valid,H5,118000.0,Found,1937.0,32.5,-101.0
Mrirt,16819,Valid,Iron,79900.0,Found,1937.0,33.13333,-5.56667
Ladder Creek,12410,Valid,L6,35100.0,Found,1937.0,38.61667,-101.63333
Kelly,12273,Valid,LL4,44300.0,Found,1937.0,40.46667,-103.03333
Putinga,18905,Valid,L6,300000.0,Fell,1937.0,-29.03333,-53.05
Tauti,23888,Valid,L6,21000.0,Fell,1937.0,46.71667,23.5
Kumerina,12375,Valid,"Iron, IIC",53500.0,Found,1937.0,-24.91667,119.41667
Los Sauces,14710,Valid,Iron,997000.0,Found,1937.0,-29.41667,-66.85
Gundaring,11452,Valid,"Iron, IIIAB",112500.0,Found,1937.0,-33.3,117.66667
Johnson City,12197,Valid,L6,10400.0,Found,1937.0,37.55,-101.68333
Bonita Springs,5104,Valid,H5,41800.0,Found,1938.0,26.26667,-81.75
Cavour,5300,Valid,H6,26210.0,Found,1938.0,44.221494,-98.059192
Chebankol,5335,Valid,"Iron, IAB-sHL",127760.0,Found,1938.0,53.66667,88.0
Alamogordo,449,Valid,H5,13600.0,Found,1938.0,32.9,-105.93333
El Simbolar,7818,Valid,Iron,40000.0,Found,1938.0,-30.63333,-64.88333
Romero,22651,Valid,H4,17200.0,Found,1938.0,35.76667,-102.95
Zhovtnevyi,30407,Valid,H6,107000.0,Fell,1938.0,47.58333,37.25
Ransom,22393,Valid,H4,15000.0,Found,1938.0,38.61667,-99.93333
Goose Lake,10947,Valid,"Iron, IAB-sLL",1169500.0,Found,1938.0,41.98,-120.54167
Agua Blanca,397,Valid,"Iron, IIIAB",49000.0,Found,1938.0,-28.91667,-66.95
Monahans (1938),16718,Valid,"Iron, IIF",27900.0,Found,1938.0,31.48333,-102.88333
Harriman (Om),11841,Valid,"Iron, IIIAB",13000.0,Found,1938.0,35.95,-84.56667
Nashville (stone),16921,Valid,L6,25000.0,Found,1939.0,37.45,-98.41667
Dresden (Ontario),7731,Valid,H6,47700.0,Fell,1939.0,42.52,-82.26
El Burro,7793,Valid,"Iron, IIAB",35900.0,Found,1939.0,29.33333,-101.83333
Mapleton,15410,Valid,"Iron, IIIAB",49000.0,Found,1939.0,42.18333,-95.71667
Tawallah Valley,23889,Valid,"Iron, IVB",75750.0,Found,1939.0,-15.7,135.66667
Concho,5417,Valid,L6,93500.0,Found,1939.0,32.0,-101.5
Keyes,12287,Valid,L6,142000.0,Found,1939.0,36.71667,-102.5
Andura,2298,Valid,H6,17900.0,Fell,1939.0,20.88333,76.86667
Smithonia,23651,Valid,"Iron, IIAB",69900.0,Found,1940.0,34.0,-83.16667
Arapahoe,2323,Valid,L5,19083.0,Found,1940.0,38.8,-102.2
Davy (a),6616,Valid,L4,50600.0,Found,1940.0,29.1,-97.6
De Nova,6624,Valid,L6,12700.0,Found,1940.0,39.85,-102.95
Emsland,10035,Valid,"Iron, ungrouped",19000.0,Found,1940.0,53.1,7.2
Brewster,5137,Valid,L6,17000.0,Found,1940.0,39.25,-101.33333
Wellman (a),24237,Valid,H5,55000.0,Found,1940.0,33.03333,-102.33333
Horace,11908,Valid,H5,19700.0,Found,1940.0,38.35,-101.78333
Seymour,23511,Valid,"Iron, IAB-MG",25900.0,Found,1940.0,37.2375,-92.78694
Comanche (iron),5414,Valid,"Iron, IAB-sLL",19700.0,Found,1940.0,32.01667,-98.7
Linwood,14657,Valid,"Iron, IAB-MG",46000.0,Found,1940.0,41.43333,-96.96667
Sardis,23177,Valid,"Iron, IAB complex",800000.0,Found,1940.0,32.94889,-81.865
Lamont,12453,Valid,Mesosiderite,38690.0,Found,1940.0,38.07778,-96.02639
Beaver,4985,Valid,L5,25628.0,Found,1940.0,36.8,-100.53333
Burgavli,5168,Valid,"Iron, IAB-MG",24900.0,Found,1941.0,66.4,137.46667
Dalgety Downs,5507,Valid,L4,257000.0,Found,1941.0,-25.33333,116.18333
Vera,24161,Valid,L/LL4,80000.0,Found,1941.0,-29.91667,-60.28333
Phuoc-Binh,18812,Valid,L5,11000.0,Fell,1941.0,15.71667,108.1
Potter,18878,Valid,L6,261000.0,Found,1941.0,41.23333,-103.3
Mount Egerton,16774,Valid,Aubrite-an,22000.0,Found,1941.0,-24.76667,117.7
El Timbu,7820,Valid,Iron,500000.0,Found,1942.0,-33.11667,-60.96667
Mount Sir Charles,16803,Valid,"Iron, IVA",22900.0,Found,1942.0,-23.83333,134.03333
Forest Vale,10120,Valid,H4,26000.0,Fell,1942.0,-33.35,146.85833
Dimmitt,7645,Valid,H3.7,200000.0,Found,1942.0,34.58333,-102.16667
Kapoeta,12251,Valid,Howardite,11355.0,Fell,1942.0,4.7,33.63333
Edmonton (Kentucky),7771,Valid,"Iron, IAB-sLM",10200.0,Found,1942.0,37.03333,-85.63333
Aggie Creek,393,Valid,"Iron, IIIAB",43000.0,Found,1942.0,64.88333,-163.16667
Leedey,12755,Valid,L6,51500.0,Fell,1943.0,35.88333,-99.33333
Leon,12764,Valid,H5,30000.0,Found,1943.0,37.66667,-96.76667
Moorumbunna,16739,Valid,"Iron, IIIAB",77000.0,Found,1943.0,-28.91667,136.25
Dimboola,7643,Valid,H5,16000.0,Found,1944.0,-36.5,142.03333
Twentynine Palms,24089,Valid,L,19700.0,Found,1944.0,34.075,-116.01667
Drum Mountains,7733,Valid,"Iron, IIIAB",529000.0,Found,1944.0,39.5,-112.9
Tostado,24033,Valid,H6,22000.0,Found,1945.0,-29.23333,-61.76667
Fuhe,52412,Valid,L5,23000.0,Fell,1945.0,31.47556,113.56694
Norquín,16996,Valid,"Iron, IIIAB",19250.0,Found,1945.0,-37.71667,-70.61667
Wynella,24343,Valid,H4,40000.0,Found,1945.0,-28.95,148.13333
Isoulane-n-Amahar,12052,Valid,L6,72000.0,Found,1945.0,27.12917,8.66722
Laguna Manantiales,12413,Valid,Iron,92000.0,Found,1945.0,-48.58333,-67.41667
Peña Blanca Spring,18786,Valid,Aubrite,70000.0,Fell,1946.0,30.125,-103.11667
Krymka,12364,Valid,LL3.2,50000.0,Fell,1946.0,47.83333,30.76667
Walters,24210,Valid,L6,28100.0,Fell,1946.0,34.33333,-98.3
Bursa,5177,Valid,L6,25000.0,Fell,1946.0,40.2,29.23333
Jenkins,12080,Valid,"Iron, IAB-MG",55400.0,Found,1946.0,36.82444,-93.76111
Sikhote-Alin,23593,Valid,"Iron, IIAB",23000000.0,Fell,1947.0,46.16,134.65333
Hill City,11886,Valid,"Iron, IVA",11700.0,Found,1947.0,39.36667,-99.85
Reliegos,22584,Valid,L5,17300.0,Fell,1947.0,42.475,-5.33333
Wolf Creek,24326,Valid,"Iron, IIIAB",760000.0,Found,1947.0,-19.3,127.76667
Casimiro de Abreu,5289,Valid,"Iron, IIIAB",25000.0,Found,1947.0,-22.46667,-42.21667
Harriman (Of),11840,Valid,"Iron, IVA",30000.0,Found,1947.0,35.95,-84.56667
Acme,371,Valid,H5,75000.0,Found,1947.0,33.63333,-104.26667
Duketon,7740,Valid,"Iron, IIIAB",118300.0,Found,1948.0,-27.5,122.36667
Uzcudun,24140,Valid,L,20000.0,Fell,1948.0,-44.11667,-66.15
Neenach,16938,Valid,L6,13800.0,Found,1948.0,34.8,-118.5
Norton County,17922,Valid,Aubrite,1100000.0,Fell,1948.0,39.68333,-99.86667
Waltman,24211,Valid,L4,23410.0,Found,1948.0,43.0,-107.16667
Rifle,22605,Valid,"Iron, IAB-MG",102700.0,Found,1948.0,38.51667,-107.83333
Kielpa,12302,Valid,H5,13600.0,Found,1948.0,-33.6,136.1
Mission,16704,Valid,L,12000.0,Found,1949.0,43.31667,-100.76667
Albin (stone),456,Valid,L,15400.0,Found,1949.0,41.41667,-104.1
Kunashak,12377,Valid,L6,200000.0,Fell,1949.0,55.78333,61.36667
Dimitrovgrad,7644,Valid,"Iron, IIIAB",100000.0,Found,1949.0,43.04639,22.86389
Cocklebiddy,5392,Valid,H5,19500.0,Found,1949.0,-31.93333,126.21667
Dadin,5503,Valid,Iron,27300.0,Found,1949.0,-38.91667,-69.2
Belle Plaine,5004,Valid,L6,78800.0,Found,1950.0,37.31667,-97.25
Barwise,4955,Valid,H5,10400.0,Found,1950.0,34.0,-101.5
Hammond Downs,11814,Valid,H4,27000.0,Found,1950.0,-25.46667,142.8
Densmore (1950),6657,Valid,H6,11300.0,Found,1950.0,39.56583,-99.64722
Vengerovo,24158,Valid,H5,10800.0,Fell,1950.0,56.13333,77.26667
Murray,16882,Valid,CM2,12600.0,Fell,1950.0,36.6,-88.1
Tambo Quemado,23797,Valid,"Iron, IIIAB",141000.0,Found,1950.0,-14.66667,-74.5
Elenovka,7824,Valid,L5,54640.0,Fell,1951.0,47.83333,37.66667
Esquel,10054,Valid,"Pallasite, PMG",755000.0,Found,1951.0,-42.9,-71.33333
Hesston,11879,Valid,L6,12900.0,Found,1951.0,38.11667,-97.43333
Richland,22601,Valid,"Iron, IIAB",50600.0,Found,1951.0,31.9,-96.4
Abbott,5,Valid,H3-6,21100.0,Found,1951.0,36.3,-104.28333
Kress (a),12358,Valid,L6,12500.0,Found,1951.0,34.35833,-101.73
Benthullen,5025,Valid,L6,17000.0,Found,1951.0,53.05,8.1
Haig,11471,Valid,"Iron, IIIAB",503000.0,Found,1951.0,-31.38333,125.63333
Abee,6,Valid,EH4,107000.0,Fell,1952.0,54.21667,-113.0
View Hill,24173,Valid,"Iron, IIIAB",33600.0,Found,1952.0,-43.32,172.06333
Faith,10071,Valid,H5,105000.0,Found,1952.0,45.33333,-102.08333
Picacho,18814,Valid,"Iron, IIIAB",22000.0,Found,1952.0,33.2,-105.0
Adzhi-Bogdo (iron),389,Valid,"Iron, IAB complex",582000.0,Found,1952.0,44.86667,95.41667
Klamath Falls,12330,Valid,"Iron, IIIF",17000.0,Found,1952.0,42.16667,-121.85
Woodbine,24330,Valid,"Iron, IAB-ung",48200.0,Found,1953.0,42.34667,-90.1675
Turtle River,24085,Valid,"Iron, IIIAB",22390.0,Found,1953.0,47.6,-94.76667
Ghubara,10911,Valid,L5,1750000.0,Found,1954.0,19.22778,56.14278
Umbarger,24113,Valid,L6,13000.0,Found,1954.0,34.95,-102.1175
Pinto Mountains,18829,Valid,L6,17900.0,Found,1954.0,34.0,-115.78333
Chico,5346,Valid,L6,104800.0,Found,1954.0,36.5,-104.2
Yangchiang,30348,Valid,H5,20000.0,Fell,1954.0,21.83333,111.83333
Palmas de Monte Alto,48959,Valid,"Iron, IIIAB",97000.0,Found,1954.0,-14.3675,-43.02278
Manlai,15407,Valid,"Iron, ungrouped",166800.0,Found,1954.0,44.33333,106.5
Edmonson (a),7768,Valid,L6,12000.0,Found,1955.0,34.28333,-101.83333
Lakewood,12450,Valid,L6,46500.0,Found,1955.0,32.62972,-104.35
Bellsbank,5006,Valid,"Iron, IIG",38000.0,Found,1955.0,-28.08333,24.08333
Gressk,11200,Valid,"Iron, IIAB",303000.0,Found,1955.0,53.23333,27.33333
Thule,23977,Valid,"Iron, IIIAB",48600.0,Found,1955.0,76.53333,-67.55
Wellington,24236,Valid,H5,13400.0,Found,1955.0,34.95,-100.25
Aswan,4882,Valid,"Iron, IAB-ung",12000.0,Found,1955.0,23.98611,32.62361
al-Jimshan,473,Valid,H4,11450.0,Found,1955.0,20.7,52.83333
Dumas (a),7741,Valid,H5,46050.0,Found,1956.0,35.9,-101.9
Point of Rocks (iron),18855,Valid,"Iron, IIIAB",18000.0,Found,1956.0,36.5,-104.5
La Villa,12405,Valid,H4,19800.0,Found,1956.0,26.27167,-97.90167
Tamir-Tsetserleg,23799,Valid,Stone-uncl,173000.0,Found,1956.0,47.45,101.47917
Paranaiba,18103,Valid,L6,100000.0,Fell,1956.0,-19.13333,-51.66667
Kaldoonera Hill,12233,Valid,H6,12000.0,Found,1956.0,-32.61667,134.85
Tianlin,23983,Valid,"Iron, IAB complex",300000.0,Found,1956.0,24.3,106.1
Bondoc,5103,Valid,Mesosiderite-B4,888600.0,Found,1956.0,13.51667,122.45
Zerkaly,31354,Valid,H5,16000.0,Found,1956.0,52.13333,81.96667
Nicolás Levalle,52413,Valid,L5,60000.0,Found,1956.0,-38.85028,-62.87889
Lake Grace,12443,Valid,L6,10500.0,Found,1956.0,-33.06667,118.21667
Forestburg (a),10121,Valid,L4,26100.0,Found,1957.0,33.50667,-97.65139
Forestburg (b),10122,Valid,L5,26600.0,Found,1957.0,33.49556,-97.58861
Susuman,23762,Valid,"Iron, IIIAB",18900.0,Found,1957.0,62.72139,148.13028
Shangdu,23523,Valid,"Iron, IIIAB",247000.0,Found,1957.0,42.5,114.0
South Dahna,23677,Valid,"Iron, IAB complex",275000.0,Found,1957.0,22.56667,48.3
Ider,11999,Valid,"Iron, IIIAB",140000.0,Found,1957.0,34.68333,-85.65
Calliham,5201,Valid,L6,40000.0,Found,1958.0,28.41667,-98.25
Santiago Papasquiero,23169,Valid,"Iron, ungrouped",119500.0,Found,1958.0,24.5,-106.0
Nantan,16906,Valid,"Iron, IAB-MG",9500000.0,Found,1958.0,25.1,107.7
Bison,5061,Valid,LL6,11000.0,Found,1958.0,38.30667,-99.71
Belmont,5008,Valid,H6,25300.0,Found,1958.0,42.73333,-90.35
Alatage,452,Valid,"Iron, IIIAB",37500.0,Found,1959.0,42.33333,93.0
Elga,10012,Valid,"Iron, IIE",28800.0,Found,1959.0,64.7,141.2
Yardymly,30352,Valid,"Iron, IAB complex",150200.0,Fell,1959.0,38.93333,48.25
Liangcheng,14645,Valid,"Iron, IIIAB",200000.0,Found,1959.0,40.5,112.5
Muenatauray,16842,Valid,"Iron, IIAB",30000.0,Found,1960.0,4.9,-61.2
Woolgorong,24334,Valid,L6,36000.0,Fell,1960.0,-27.75,115.83333
De Hoek,6622,Valid,"Iron, ungrouped",20930.0,Found,1960.0,-29.38333,23.1
Ellicott,10021,Valid,"Iron, IAB-ung",15700.0,Found,1960.0,38.80778,-104.56944
Cleo Springs,5378,Valid,H4,24000.0,Found,1960.0,36.43333,-98.43333
São João Nepomuceno,23170,Valid,"Iron, IVA-an",15300.0,Found,1960.0,-21.55,-43.01667
Bruderheim,5156,Valid,L6,303000.0,Fell,1960.0,53.9,-112.88333
Millbillillie,16643,Valid,Eucrite-mmict,330000.0,Fell,1960.0,-26.45,120.36667
Kayakent,12268,Valid,"Iron, IIIAB",85000.0,Fell,1961.0,39.26333,31.78
Seminole,23488,Valid,H4,43900.0,Found,1961.0,32.68333,-102.61667
Clovis (no. 1),5385,Valid,H3.6,283000.0,Found,1961.0,34.3,-103.13472
Duncanville,7744,Valid,H,17800.0,Found,1961.0,32.63333,-96.86667
Kargapole,12261,Valid,H4,21800.0,Found,1961.0,55.88333,64.3
Caldwell,5197,Valid,L-imp melt,12900.0,Found,1961.0,37.03333,-97.625
ad-Dahbubah,376,Valid,H5,90000.0,Found,1961.0,19.83333,51.25
Desuri,6693,Valid,H6,25400.0,Fell,1962.0,25.73333,73.61667
Hunter,11987,Valid,LL5,74600.0,Found,1962.0,36.56,-97.66667
Manitouwabing,15406,Valid,"Iron, IIIAB",39000.0,Found,1962.0,45.44,-79.87556
Finney,10104,Valid,L5,10700.0,Found,1962.0,34.26667,-101.56667
Zagami,30386,Valid,Martian (shergottite),18000.0,Fell,1962.0,11.73333,7.08333
Needles,16936,Valid,"Iron, IID",45300.0,Found,1962.0,34.44417,-114.8325
Efremovka,7772,Valid,CV3,21000.0,Found,1962.0,52.5,77.0
Clifford,5380,Valid,L6,11360.0,Found,1962.0,39.1,-103.25833
Vulcan,24192,Valid,H6,19000.0,Found,1962.0,50.51667,-113.13333
Emery,10031,Valid,Mesosiderite-A3,16700.0,Found,1962.0,43.56333,-97.58333
Thiel Mountains,23911,Valid,"Pallasite, PMG",31700.0,Found,1962.0,-85.45,-90.0
Two Buttes (a),24091,Valid,H5,19700.0,Found,1962.0,37.63333,-102.41667
Seagraves,23469,Valid,H4,13000.0,Found,1962.0,32.93333,-102.58333
Rowena,22772,Valid,H6,34700.0,Found,1962.0,-29.8,148.63333
Budulan,5161,Valid,Mesosiderite-B4,100000.0,Found,1962.0,50.56667,114.9
Talpa,23793,Valid,H6,13000.0,Found,1963.0,31.86667,-99.58333
Warburton Range,24212,Valid,"Iron, IVB",56930.0,Found,1963.0,-26.28333,126.66667
Waka,24200,Valid,H6,11875.0,Found,1963.0,36.15,-101.05
Peace River,18180,Valid,L6,45760.0,Fell,1963.0,56.13333,-117.93333
Lahoma,12432,Valid,L5,21800.0,Found,1963.0,36.38333,-98.08333
Carnegie,5278,Valid,L6,132700.0,Found,1963.0,35.16667,-98.64389
Clovis (no. 2),5386,Valid,L6,41300.0,Found,1963.0,34.3,-103.13333
Hassayampa,11851,Valid,H4,16000.0,Found,1963.0,33.75,-112.66667
Mount Padbury,16785,Valid,Mesosiderite-A1,272000.0,Found,1964.0,-25.66667,118.1
Wellman (c),24239,Valid,H4,45000.0,Found,1964.0,33.03333,-102.33333
Plains,18839,Valid,H5,34300.0,Found,1964.0,33.28333,-102.76667
Yingde,30363,Valid,"Iron, IVA",3000000.0,Found,1964.0,24.2,113.4
Mayerthorpe,15449,Valid,"Iron, IAB complex",12610.0,Found,1964.0,53.775,-115.03333
Muslyumovo,16884,Valid,H4,10580.0,Found,1964.0,55.3,53.2
Corowa,5446,Valid,"Iron, IIF",11340.0,Found,1964.0,-36.0,146.36667
Changxing,5323,Valid,H5,27900.0,Found,1964.0,31.33333,121.66667
Karasburg,12257,Valid,"Iron, IIIAB?",12000.0,Found,1964.0,-27.66667,18.96667
Claytonville,5375,Valid,L5,15600.0,Found,1964.0,34.34667,-101.49
Mulga (north),16847,Valid,H6,19900.0,Found,1964.0,-30.18333,126.36667
Sargiin Gobi,23179,Valid,"Iron, IAB complex",17500.0,Found,1964.0,45.9835,105.75883
Hebron,11867,Valid,H6,21820.0,Found,1965.0,40.16667,-97.6
Tishomingo,24010,Valid,"Iron, ungrouped",260000.0,Found,1965.0,34.25,-96.68333
Etter,10062,Valid,L5,450000.0,Found,1965.0,35.98333,-101.9
Moorabie,16735,Valid,L3.8-an,14040.0,Found,1965.0,-30.01667,141.06667
Little River (b),14666,Valid,H4/5,11700.0,Found,1965.0,38.44,-98.06667
Barwell,4954,Valid,L5,44000.0,Fell,1965.0,52.56528,-1.33972
Verissimo,24163,Valid,"Iron, IIIAB",14000.0,Found,1965.0,-19.73333,-48.31667
Conquista,5418,Valid,H4,20350.0,Fell,1965.0,-19.85,-47.55
Bocaiuva,5092,Valid,"Iron, ungrouped",64000.0,Found,1965.0,-17.16667,-43.83333
Anton,2311,Valid,H4,41800.0,Found,1965.0,33.7825,-102.18111
Faucett,10077,Valid,H5,100000.0,Found,1966.0,39.61667,-94.86667
Hamilton (Queensland),11483,Valid,L6,68000.0,Found,1966.0,-28.48333,148.25
Saint-Séverin,23102,Valid,LL6,271000.0,Fell,1966.0,45.3,0.23333
Floyd,10113,Valid,L4,13000.0,Found,1966.0,34.19333,-103.575
Avoca (Western Australia),4909,Valid,"Iron, IIIAB",37850.0,Found,1966.0,-30.85,122.31667
Zhigansk,30405,Valid,"Iron, IIIAB",900000.0,Found,1966.0,68.0,128.3
Albion,457,Valid,"Iron, IVA",12280.0,Found,1966.0,46.83333,-117.25
Seoni,23500,Valid,H6,20000.0,Fell,1966.0,21.68389,79.50083
Markovka,15427,Valid,H4,54200.0,Found,1967.0,52.4,79.8
Wiluna,24281,Valid,H5,150000.0,Fell,1967.0,-26.59278,120.32833
Credo,5468,Valid,L6,10820.0,Found,1967.0,-30.36667,120.73333
Mossgiel,16758,Valid,L4,32383.0,Found,1967.0,-33.31667,144.78333
Zerhamra,30403,Valid,"Iron, IIIAB-an",630000.0,Found,1967.0,29.85861,-2.645
Nova Petropolis,17928,Valid,"Iron, IIIAB",305000.0,Found,1967.0,-29.43333,-50.91667
Tiberrhamine,23985,Valid,L6,107000.0,Found,1967.0,28.11667,0.53333
Seymchan,23510,Valid,"Pallasite, PMG",323300.0,Found,1967.0,62.9,152.43333
Boolka,5108,Valid,H5,12000.0,Found,1968.0,-30.06667,141.06667
Juromenha,12213,Valid,"Iron, IIIAB",25250.0,Fell,1968.0,38.74028,-7.27
Nazareth (iron),16933,Valid,"Iron, IIIAB",11310.0,Found,1968.0,34.52667,-102.105
Wildara,24265,Valid,H5,500000.0,Found,1968.0,-28.23333,120.85
Tsarev,24058,Valid,L5,1225300.0,Found,1968.0,48.7,45.7
Saint-Aubin,23096,Valid,"Iron, IIIAB",472000.0,Found,1968.0,48.48333,3.58333
Allende,2278,Valid,CV3,2000000.0,Fell,1969.0,26.96667,-105.31667
Aprel'sky,2319,Valid,"Iron, IIIAB",54600.0,Found,1969.0,53.3,126.11667
Buenaventura,5162,Valid,"Iron, IIIAB",113600.0,Found,1969.0,29.8,-107.55
Benjamin,5020,Valid,H4/5,51800.0,Found,1969.0,33.58333,-99.8
Ashmore,2349,Valid,H5,55400.0,Found,1969.0,32.9,-102.28333
Park,18104,Valid,L6,13000.0,Found,1969.0,39.11,-100.36167
Yilmia,30362,Valid,EL6,40000.0,Found,1969.0,-31.19167,121.53333
Murchison,16875,Valid,CM2,100000.0,Fell,1969.0,-36.61667,145.2
Guin,11445,Valid,"Iron, ungrouped",34500.0,Found,1969.0,33.96667,-87.91667
Gobabeb,10939,Valid,H4,27000.0,Found,1969.0,-23.55,15.03333
Wooramel,24335,Valid,L5,71000.0,Found,1969.0,-25.65,114.21667
Mills,16687,Valid,H6,88000.0,Found,1970.0,36.23,-104.11889
Lost City,14711,Valid,H5,17000.0,Fell,1970.0,36.00833,-95.15
Answer,2309,Valid,Iron,11090.0,Found,1970.0,-21.65972,140.90694
Isna,12051,Valid,CO3.8,23000.0,Found,1970.0,24.83333,31.66667
Benedict,5017,Valid,"Iron, IIIAB",16380.0,Found,1970.0,41.0,-97.53333
Bledsoe,5074,Valid,H4,30500.0,Found,1970.0,33.59167,-103.02667
Big Rock Donga,5044,Valid,H6,19000.0,Found,1970.0,-30.55,130.96667
Etosha,10061,Valid,"Iron, IC",110700.0,Found,1970.0,-18.5,16.0
Galatia,10847,Valid,L6,23900.0,Found,1971.0,38.64167,-98.88333
Cruz del Eje,51739,Valid,"Iron, IAB complex",14000.0,Found,1971.0,-30.75,-64.78333
Guadalupe y Calvo,11431,Valid,"Iron, IIAB",58630.0,Found,1971.0,26.1,-106.96667
Happy Canyon,11821,Valid,EL6/7,16300.0,Found,1971.0,34.80167,-101.56667
Polujamki,18861,Valid,H4,18350.0,Found,1971.0,52.1,79.7
Lone Tree,14683,Valid,H4,20676.0,Found,1971.0,41.5,-91.47917
Rakity,22375,Valid,L3,11400.0,Found,1971.0,51.8,79.9
Salaices,23105,Valid,H4,24500.0,Found,1971.0,27.0,-105.25
Yongning,30365,Valid,"Iron, IAB-ung",60000.0,Found,1971.0,22.75,108.33333
Kabo,12220,Valid,H4,13400.0,Fell,1971.0,11.85,8.21667
Elyria,10030,Valid,"Iron, IIIAB",10900.0,Found,1971.0,38.28,-97.365
Bunjil,5164,Valid,L6,38750.0,Found,1971.0,-29.62917,116.48222
Sanclerlandia,23132,Valid,"Iron, IIIAB",279000.0,Found,1971.0,-16.21667,-50.3
Northbranch,17010,Valid,H5,76000.0,Found,1972.0,39.99167,-98.34167
Kifkakhsyagan,12304,Valid,"Iron, IIIAB",18800.0,Found,1972.0,64.4,172.7
Watson 001,24221,Valid,"Iron, IIE",93000.0,Found,1972.0,-30.5,131.55
Hardtner,11827,Valid,L6,13000.0,Found,1972.0,37.06667,-98.66167
Valera,24149,Valid,L5,50000.0,Fell,1972.0,9.31667,-70.62833
Mayfield,15450,Valid,H4,38400.0,Found,1972.0,37.30833,-97.545
Kenna,12277,Valid,Ureilite,10900.0,Found,1972.0,33.9,-103.55333
Lueders,14750,Valid,"Iron, IAB-MG",35400.0,Found,1973.0,32.83611,-99.60417
El Sampal,7817,Valid,"Iron, IIIAB",142000.0,Found,1973.0,-44.53333,-70.36667
Alkhamasin,475,Valid,"Iron, IIAB",1200000.0,Found,1973.0,20.6,44.88333
Colonia Obrera,5405,Valid,"Iron, IIIE",12200.0,Found,1973.0,24.01667,-104.66667
Araslanovo,2324,Valid,L/LL5,132000.0,Found,1973.0,55.14167,48.2
Wayside,24225,Valid,H6,23600.0,Found,1973.0,34.80167,-101.68333
Balsas,4932,Valid,"Iron, IIIAB",41000.0,Found,1974.0,-7.53133,-46.04117
Gomez,10944,Valid,L6,47000.0,Found,1974.0,33.18139,-102.40139
Saint Augustine,23080,Valid,"Iron, IID",22000.0,Found,1974.0,40.71667,-90.41667
Millen,16644,Valid,H4,40800.0,Found,1975.0,32.83528,-81.87389
Naryilco,16918,Valid,LL6,27000.0,Found,1975.0,-28.6,141.15
Xinyi,24347,Valid,H5,69000.0,Found,1975.0,34.36667,118.33333
Yamato 75102,25143,Valid,L4/5,11000.0,Found,1975.0,-71.5,35.66667
Haxtun,11863,Valid,H/L4,15500.0,Found,1975.0,40.45667,-102.57834
Denver City,6661,Valid,"Iron, ungrouped",26100.0,Found,1975.0,33.07139,-102.80028
Ningbo,16980,Valid,"Iron, IVA",14250.0,Fell,1975.0,29.86667,121.48333
Rancho Gomelia,22391,Valid,"Iron, IIIAB",15650.0,Found,1975.0,24.51667,-105.25
Tuxtuac,24086,Valid,LL5,30000.0,Fell,1975.0,21.66667,-103.36667
Starvation Lake,23714,Valid,LL3.9,12000.0,Found,1975.0,-30.46667,141.08333
Tambakwatu,23795,Valid,L6,10500.0,Fell,1975.0,-7.75,112.76667
Mount Baldr A76002,16765,Valid,H6,13773.0,Found,1976.0,-77.58389,160.37361
Old Woman,18007,Valid,"Iron, IIAB",2753000.0,Found,1976.0,34.46667,-115.23333
Santa Clara,23163,Valid,"Iron, IVB",63000.0,Found,1976.0,24.46667,-103.35
Gnowangerup,10937,Valid,"Iron, IIIAB",33600.0,Found,1976.0,-34.0,118.1
Jerslev,12084,Valid,"Iron, IIAB",40000.0,Found,1976.0,55.608833,11.229167
Red Rock,22549,Valid,"Iron, IIIAB",47600.0,Found,1976.0,35.41667,-117.91667
Dunganville,7748,Valid,"Iron, IIIAB",54000.0,Found,1976.0,-42.55,171.35
Allan Hills A76003,1310,Valid,L6,10495.0,Found,1976.0,-76.71667,159.66667
Allan Hills A76001,1308,Valid,L6,20151.0,Found,1976.0,-76.75,159.33333
Alvord,2287,Valid,"Iron, IVA",17500.0,Found,1976.0,43.32222,-96.28889
Allan Hills A76009,1316,Valid,L6,407000.0,Found,1976.0,-76.71667,159.66667
Jilin,12171,Valid,H5,4000000.0,Fell,1976.0,44.05,126.16667
Dhajala,6698,Valid,H3.8,45000.0,Fell,1976.0,22.37778,71.42722
Ybbsitz,30360,Valid,H4,15000.0,Found,1977.0,47.96,14.89
El Paso de Aguila,45977,Valid,H5,17226.0,Fell,1977.0,25.37,-97.37
Larned,50998,Valid,Aubrite-an,28100.0,Found,1977.0,38.1995,-99.162
Allan Hills A77283,1593,Valid,"Iron, IAB-MG",10510.0,Found,1977.0,-76.71667,159.66667
Xingyang,24346,Valid,H6,75500.0,Fell,1977.0,32.33333,114.31667
Aliskerovo,472,Valid,"Iron, IIIE-an",58400.0,Found,1977.0,67.88333,167.5
Millarville,16642,Valid,"Iron, IVA",15636.0,Found,1977.0,50.79722,-114.30944
Allan Hills A77226,1537,Valid,H4,15323.0,Found,1977.0,-76.71667,159.66667
Allan Hills A77250,1561,Valid,"Iron, IAB-MG",10555.0,Found,1977.0,-76.71667,159.66667
Jaralito,12073,Valid,"Iron, IAB-MG",11138.0,Found,1977.0,26.26583,-103.885
Ethiudna,10060,Valid,L4,74318.0,Found,1977.0,-32.03333,139.78333
Felsted,10082,Valid,"Iron, IIIAB",13500.0,Found,1977.0,54.99056,9.49194
Nazareth (e),16932,Valid,H6,13100.0,Found,1977.0,34.58333,-102.05
Gaines County Park,10844,Valid,H5,13700.0,Found,1977.0,32.83333,-102.73333
Purgatory Peak A77006,18904,Valid,"Iron, IAB-MG",19068.0,Found,1977.0,-77.33333,162.3
Derrick Peak A78012,6688,Valid,"Iron, IIAB",26000.0,Found,1978.0,-80.06667,156.38333
Derrick Peak A78011,6687,Valid,"Iron, IIAB",31800.0,Found,1978.0,-80.06667,156.38333
Derrick Peak A78013,6689,Valid,"Iron, IIAB",10600.0,Found,1978.0,-80.06667,156.38333
Derrick Peak A78009,6685,Valid,"Iron, IIAB",138100.0,Found,1978.0,-80.06667,156.38333
Derrick Peak A78001,6677,Valid,"Iron, IIAB",15200.0,Found,1978.0,-80.06667,156.38333
Derrick Peak A78005,6681,Valid,"Iron, IIAB",18600.0,Found,1978.0,-80.06667,156.38333
Derrick Peak A78007,6683,Valid,"Iron, IIAB",11800.0,Found,1978.0,-80.06667,156.38333
Derrick Peak A78008,6684,Valid,"Iron, IIAB",59400.0,Found,1978.0,-80.06667,156.38333
Meteorite Hills A78028,16624,Valid,L6,20657.0,Found,1978.0,-79.68333,155.75
Allan Hills A78084,1699,Valid,H3.9,14280.0,Found,1978.0,-76.71667,159.66667
Novosibirsk,17932,Valid,H5/6,11410.0,Found,1978.0,55.0,82.9
Brainard,5131,Valid,"Iron, IIIAB",138300.0,Found,1978.0,41.15333,-96.955
Florey,10112,Valid,H6,110800.0,Found,1978.0,32.5225,-102.705
Nuevo Mercurio,17938,Valid,H5,50000.0,Fell,1978.0,24.3,-102.13333
Tinnie,24006,Valid,"Iron, IVB",15300.0,Found,1978.0,33.38333,-105.25
Yamato 791717,27066,Valid,CO3.3,25322.0,Found,1979.0,-71.5,35.66667
D'Orbigny,7714,Valid,Angrite,16550.0,Found,1979.0,-37.66667,-61.65
Yamato 793235,28584,Valid,L6,18126.0,Found,1979.0,-71.5,35.66667
Littlerock,14667,Valid,H6,19050.0,Found,1979.0,34.51667,-117.98333
Jartai,12074,Valid,L6,20500.0,Fell,1979.0,39.7,105.8
Reckling Peak A79015,22470,Valid,Mesosiderite-an,10022.0,Found,1979.0,-76.21541,158.5392
Saginaw,22797,Valid,Iron,44500.0,Found,1979.0,32.86583,-97.32306
Forrest 002,10125,Valid,L6,26000.0,Found,1980.0,-30.98333,127.88333
Springlake,23691,Valid,L6,17300.0,Found,1980.0,34.34444,-102.22361
Retuerta del Bullaque,56577,Valid,"Iron, IAB-MG",100000.0,Found,1980.0,39.45889,-4.3775
Page City,18070,Valid,"Iron, IVA",13630.0,Found,1980.0,39.16667,-101.28333
Ragland Hill,56382,Valid,H5,11800.0,Found,1980.0,34.78333,-103.66667
Tulia (d),24069,Valid,H6,17700.0,Found,1981.0,34.60667,-101.76667
Lamesa,12452,Valid,"Iron, IAB-sLM",16900.0,Found,1981.0,32.88333,-101.88333
Wolsey,24328,Valid,"Iron, IAB-MG",74830.0,Found,1981.0,44.4,-98.53333
Edmonson (b),7769,Valid,H4,14402.0,Found,1981.0,34.28333,-101.83333
Machinga,15371,Valid,L6,93200.0,Fell,1981.0,-15.21222,35.24222
Yamato 81124,29185,Valid,H5,10790.0,Found,1981.0,-71.5,35.66667
Friona,10184,Valid,L5,21900.0,Found,1981.0,34.54,-102.56833
Acuña,373,Valid,"Iron, IIIAB",217700.0,Found,1981.0,29.31667,-100.96667
Kaffir (d),12226,Valid,L5,26760.0,Found,1981.0,34.67167,-101.815
Omolon,18019,Valid,"Pallasite, PMG",250000.0,Fell,1981.0,64.02,161.80833
Divnoe,7650,Valid,Achondrite-ung,12700.0,Found,1981.0,45.7,43.7
Anyujskij,2312,Valid,"Iron, IIAB",100000.0,Found,1981.0,66.9,164.2
Binya,5052,Valid,"Iron, IIIF",11300.0,Found,1981.0,-34.225,146.38167
Zhongxiang,30406,Valid,Iron,100000.0,Found,1981.0,31.2,112.5
Akyumak,433,Valid,"Iron, IVA",50000.0,Fell,1981.0,39.91667,42.81667
Bilibino,5046,Valid,"Iron, IIAB",1000000.0,Found,1981.0,67.3,160.8
Allan Hills A81013,1973,Valid,"Iron, IIAB",17727.0,Found,1981.0,-76.74756,158.84338
Dahmani,5504,Valid,LL6,18000.0,Fell,1981.0,35.61667,8.83333
Gursum,11465,Valid,H4/5,34650.0,Fell,1981.0,9.36667,42.41667
Wilder,24267,Valid,H5,26600.0,Found,1982.0,43.72444,-116.91167
Bayard,4978,Valid,L5,75000.0,Found,1982.0,41.81667,-103.36667
Ragland,22372,Valid,LL3.4,12100.0,Found,1982.0,34.76778,-103.55
El Bahrain,7790,Valid,L6,14000.0,Found,1983.0,28.6,26.4
Sharon Springs,23524,Valid,L6,23400.0,Found,1983.0,38.77083,-101.79833
Patricia,18115,Valid,H5,14900.0,Found,1983.0,32.5,-102.03333
Julesburg,12208,Valid,L3.6,57900.0,Found,1983.0,39.975,-102.26667
San Borjita,23118,Valid,L4,12300.0,Found,1983.0,-27.55861,-56.13444
Carichic,5270,Valid,H5,17000.0,Found,1983.0,27.93333,-107.05
Flandreau,10109,Valid,H5,21360.0,Found,1983.0,44.04833,-96.59167
Zhaoping,54609,Valid,"Iron, IAB complex",2000000.0,Found,1983.0,24.23333,111.18333
Snyder,23657,Valid,H3,16900.0,Found,1983.0,32.71667,-100.91667
Rahimyar Khan,31302,Valid,L5,67225.0,Fell,1983.0,28.225,70.2
Kidairat,12300,Valid,H6,100000.0,Fell,1983.0,14.0,28.0
Great Bend,11180,Valid,H6,28770.0,Found,1983.0,38.395,-98.91583
Grayton,11177,Valid,H5,11300.0,Found,1983.0,30.31167,-86.16667
Richfield,22600,Valid,LL3.7,40800.0,Found,1983.0,37.22222,-101.68139
Twannberg,24088,Valid,"Iron, IIG",20689.0,Found,1984.0,47.12444,7.17889
Zhaodong,30404,Valid,L4,42000.0,Fell,1984.0,45.81667,125.91667
Zaoyang,30391,Valid,H5,14250.0,Fell,1984.0,32.3,112.75
Darinskoe,6602,Valid,"Iron, IIC",11200.0,Found,1984.0,51.41667,51.96667
Camel Donga,5204,Valid,Eucrite-mmict,25000.0,Found,1984.0,-30.31667,126.61667
Mafuta,15384,Valid,"Iron, IID",71500.0,Found,1984.0,-16.9025,30.40722
Macy,15378,Valid,L6,42000.0,Found,1984.0,34.21667,-103.91667
Gujba,11449,Valid,CBa,100000.0,Fell,1984.0,11.49167,11.65833
Jumapalo,12209,Valid,L6,32490.0,Fell,1984.0,-7.71667,111.2
Gan Gan,10852,Valid,"Iron, IVA",83000.0,Found,1984.0,-42.66667,-68.08333
Quijingue,22362,Valid,"Pallasite, PMG",59000.0,Found,1984.0,-10.75,-39.21667
Owasco,18060,Valid,L6,168400.0,Found,1984.0,41.2,-103.68333
Allan Hills 84006,609,Valid,H4/5,16000.0,Found,1984.0,-76.76228,158.77438
Allan Hills 84005,608,Valid,L5,12000.0,Found,1984.0,-76.89102,156.89321
La Criolla,12396,Valid,L6,45000.0,Fell,1985.0,-31.23333,-58.16667
Aldama (a),459,Valid,"Iron, IIIAB",11000.0,Found,1985.0,28.83333,-105.86667
Lewis Cliff 85319,12789,Valid,H5,11491.0,Found,1985.0,-84.26398,161.39532
Lewis Cliff 85320,12790,Valid,H5,110224.0,Found,1985.0,-84.26223,161.41628
Daraj 001,6540,Valid,H5,30000.0,Found,1986.0,29.6425,11.73222
Fairview,10070,Valid,"Iron, IIIAB",28800.0,Found,1986.0,34.10139,-102.65
Wuan,24340,Valid,H6,50000.0,Fell,1986.0,36.75,114.25
Renfrow,22588,Valid,L6,81600.0,Found,1986.0,36.98667,-97.555
Suizhou,23738,Valid,L6,260000.0,Fell,1986.0,31.61667,113.46667
Raghunathpura,22371,Valid,"Iron, IIAB",10200.0,Fell,1986.0,27.72528,76.465
Kokubunji,12342,Valid,L6,11510.0,Fell,1986.0,34.3,133.95
Soledade,23662,Valid,"Iron, IAB-MG",68000.0,Found,1986.0,-29.05,-51.43333
Pampa (c),18085,Valid,L4,25000.0,Found,1986.0,-23.2,-70.43333
Pampa (d),18086,Valid,L5,12800.0,Found,1986.0,-23.2,-70.43333
Sukhoj Liman,23739,Valid,H4/5,48000.0,Found,1987.0,46.4,30.8
Maria da Fé,15416,Valid,"Iron, IVA",18000.0,Found,1987.0,-22.3,-45.36667
Laochenzhen,12466,Valid,H5,14250.0,Fell,1987.0,33.13333,115.16667
Ingella Station,12034,Valid,H5,50000.0,Found,1987.0,-25.55,142.78333
Asuka 87034,2391,Valid,L4,19064.5,Found,1987.0,-72.0,26.0
Caddo County,5192,Valid,"Iron, IAB-ung",18000.0,Found,1987.0,35.0,-98.33333
Zagora,30387,Valid,"Iron, IAB-ung",50000.0,Found,1987.0,30.36667,-5.85
Elephant Moraine 87538,8088,Valid,L6,11894.0,Found,1987.0,-76.18333,157.16667
Asuka 87251,2608,Valid,LL6,46000.0,Found,1987.0,-72.0,26.0
Asuka 881986,4695,Valid,L6,10147.0,Found,1988.0,-72.0,26.0
Derrick Peak 88017,6668,Valid,"Iron, IIAB",63000.0,Found,1988.0,-80.06667,156.38333
Sychevka,23772,Valid,"Iron, IIIAB",65000.0,Found,1988.0,51.125,127.495
Sivas,23617,Valid,H6,40000.0,Fell,1989.0,39.82467,36.13583
Seagraves (c),23471,Valid,L6/7,26810.0,Found,1989.0,32.98333,-102.56667
Ilafegh 008,12013,Valid,L5,26100.0,Found,1989.0,21.6,1.66667
Cook 001,5421,Valid,H5,105000.0,Found,1989.0,-30.33333,130.53333
Cook 007,5427,Valid,H4,100000.0,Found,1989.0,-30.61667,130.41667
McKenzie Draw (a),15461,Valid,H4,11800.0,Found,1989.0,32.925,-102.625
Indianópolis,12031,Valid,"Iron, IIAB",14850.0,Found,1989.0,-19.16667,-47.83333
Uruachic,24130,Valid,"Iron, IIIAB",13000.0,Found,1989.0,27.85,-108.23333
Djebel In-Azzene,7655,Valid,"Iron, IIIAB",12500.0,Found,1990.0,27.86667,0.45
Roundup,22771,Valid,"Iron, IIIAB",17590.0,Found,1990.0,46.78333,-108.56667
Hammadah al Hamra 019,11502,Valid,H6,13431.0,Found,1990.0,29.06667,12.68333
Hammadah al Hamra 001,11486,Valid,H5,19418.0,Found,1990.0,29.0,12.23333
Quija,22361,Valid,H,17450.0,Fell,1990.0,44.61667,126.13333
Sterlitamak,23724,Valid,"Iron, IIIAB",325000.0,Fell,1990.0,53.66667,55.98333
Ocotillo,17980,Valid,"Iron, IAB-MG",28570.0,Found,1990.0,32.83333,-116.06667
Pallasovka,34061,Valid,"Pallasite, PMG",198000.0,Found,1990.0,49.86667,46.61167
Longtian,14696,Valid,"Iron, IIIAB",350000.0,Found,1991.0,27.35,108.5
Maltahöhe,15399,Valid,"Iron, IAB-sLM",22270.0,Found,1991.0,-24.91667,16.98333
Cole Creek,5400,Valid,H5,16300.0,Found,1991.0,41.35,-99.11667
Patuxent Range 91500,18119,Valid,L5,16540.6,Found,1991.0,-85.07424,-64.46576
Sinawan 001,23607,Valid,L6,28600.0,Found,1991.0,31.0,11.66667
Tanezrouft 028,23829,Valid,H3,15000.0,Found,1991.0,25.25306,0.14028
Campos Sales,5249,Valid,L5,23680.0,Fell,1991.0,-7.03333,-40.16667
Mount Tazerzait,16804,Valid,L5,110000.0,Fell,1991.0,18.7,4.8
Vyatka,24193,Valid,H4,45000.0,Found,1991.0,57.53333,49.0
Vermillion,24167,Valid,"Pallasite, ungrouped",34360.0,Found,1991.0,39.73633,-96.36133
Pecora Escarpment 91009,18300,Valid,L6,18000.0,Found,1991.0,-85.6882,-68.33784
Mbale,15455,Valid,L5/6,150000.0,Fell,1992.0,1.06667,34.16667
Ust-Nyukzha,24133,Valid,"Iron, IAB complex",44000.0,Found,1992.0,56.38333,120.46667
Uruaçu,24131,Valid,"Iron, IAB-MG",72500.0,Found,1992.0,-14.53333,-48.76667
Tres Castillos,24047,Valid,"Iron, ungrouped",150000.0,Found,1992.0,29.47,-105.8
Peekskill,18782,Valid,H6,12570.0,Fell,1992.0,41.28333,-73.91667
Miles,16641,Valid,"Iron, IIE",265000.0,Found,1992.0,-27.83333,150.33333
Maslyanino,15439,Valid,"Iron, IAB complex",26000.0,Found,1992.0,54.25,84.33333
O'Donnell,17987,Valid,H5,12700.0,Found,1992.0,32.91217,-101.91867
Campinorte,52093,Valid,"Iron, ungrouped",2000000.0,Found,1992.0,-14.258,-49.15917
Juanita de Angeles,12204,Valid,H5,85000.0,Found,1992.0,28.41667,-105.08333
Elephant Moraine 92193,9594,Valid,H6,22000.0,Found,1992.0,-76.04222,155.94038
Colton,5410,Valid,"Iron, IIIAB",19670.0,Found,1993.0,46.57056,-117.09861
Songyuan,23668,Valid,L6,36900.0,Fell,1993.0,45.25,125.0
Ban Rong Du,4934,Valid,"Iron, ungrouped",16700.0,Fell,1993.0,16.66667,101.18333
Barrilla,4952,Valid,H5,11100.0,Found,1994.0,30.78333,-103.46667
Pampa Providencia,18092,Valid,"Iron, IIIAB",12400.0,Found,1994.0,-24.45,-69.57167
Baygorria,4980,Valid,"Iron, IAB complex",80000.0,Found,1994.0,-33.0,-56.0
Baszkówka,4957,Valid,L5,15500.0,Fell,1994.0,52.03333,20.93583
Lonewolf Nunataks 94104,14688,Valid,H6,10172.0,Found,1994.0,-81.33333,152.83333
Mont Dieu,16722,Valid,"Iron, ungrouped",360000.0,Found,1994.0,49.55,4.86667
Broken Hill,5146,Valid,L6,34000.0,Found,1994.0,-31.83333,141.76667
Dumont,47341,Valid,"Iron, IVB",27420.0,Found,1994.0,33.81667,-100.51667
Lohawat,14678,Valid,Howardite,40000.0,Fell,1994.0,26.96556,72.62667
New Halfa,16954,Valid,L4,12000.0,Fell,1994.0,15.36667,35.68333
St-Robert,23733,Valid,H5,25400.0,Fell,1994.0,45.96861,-72.97806
Hammadah al Hamra 051,11534,Valid,H6,12000.0,Found,1994.0,28.8435,12.99683
Dong Ujimqin Qi,7706,Valid,Mesosiderite,128800.0,Fell,1995.0,45.5,119.03333
Sierra Colorada,23588,Valid,L5,71300.0,Found,1995.0,-40.8,-67.48333
Graves Nunataks 95200,10960,Valid,L5,25066.1,Found,1995.0,-86.71667,-141.5
Garabato,10856,Valid,H5,160000.0,Found,1995.0,-28.86667,-60.2
Gold Basin,10940,Valid,L4,61000.0,Found,1995.0,35.875,-114.23333
Hammadah al Hamra 087,11570,Valid,L6,22114.0,Found,1995.0,28.59583,13.269
Hammadah al Hamra 153,11636,Valid,H3.8-4,50000.0,Found,1995.0,28.60033,13.5775
Hammadah al Hamra 148,11631,Valid,L5,15770.0,Found,1995.0,28.71967,12.86433
Rio Limay,22609,Valid,L5,280000.0,Found,1995.0,-39.85,-69.48333
Willow Grove,24277,Valid,"Iron, ungrouped",11700.0,Found,1995.0,-38.10306,146.18111
Piplia Kalan,18831,Valid,Eucrite-mmict,42000.0,Fell,1996.0,26.03472,73.94167
Fermo,10091,Valid,H3-5,10200.0,Fell,1996.0,43.18111,13.75333
Hammadah al Hamra 173,11656,Valid,L6,45000.0,Found,1996.0,28.63667,13.1965
Korra Korrabes,12347,Valid,H3,140000.0,Found,1996.0,-25.2,18.08333
Dar al Gani 956,6496,Valid,L6,15000.0,Found,1997.0,27.13267,15.9925
Juancheng,12203,Valid,H5,100000.0,Fell,1997.0,35.5,115.41667
Cerro del Inca,5309,Valid,"Iron, IIIF",20600.0,Found,1997.0,-22.21667,-68.90833
Bur-Abor,5166,Valid,"Iron, IIIAB",290000.0,Found,1997.0,3.98333,41.65
Tiffa 001,23991,Valid,H5,26900.0,Found,1997.0,19.949,11.933
Souslovo,23673,Valid,L4,19300.0,Found,1997.0,55.4295,55.78727
El Hammami,7806,Valid,H5,240000.0,Found,1997.0,23.28333,-10.81667
Zag,30384,Valid,H3-6,175000.0,Fell,1998.0,27.33333,-9.33333
Dar al Gani 610,6157,Valid,H4,44000.0,Found,1998.0,26.85,16.73333
Dar al Gani 595,6142,Valid,H5,14931.0,Found,1998.0,27.63917,15.90133
Dar al Gani 477,6025,Valid,L6,16128.0,Found,1998.0,27.74767,16.003
Dar al Gani 399,5947,Valid,L5,11455.0,Found,1998.0,27.86667,15.94283
Graves Nunataks 98186,11176,Valid,H6,29000.0,Found,1998.0,-86.71667,-141.5
Ourique,18052,Valid,H4,20000.0,Fell,1998.0,37.60833,-8.28
Portales Valley,18874,Valid,H6,71400.0,Fell,1998.0,34.175,-103.295
Safsaf,22795,Valid,L6,11870.0,Found,1998.0,30.26667,-4.66667
Bruceville,5155,Valid,L6,83000.0,Found,1998.0,38.295,-121.405
Dar al Gani 741,6288,Valid,H4,20500.0,Found,1998.0,27.08167,16.28333
Bechar 001,4988,Valid,L6,39000.0,Found,1998.0,30.83333,-3.33333
Bechar 002,4989,Valid,H6,12000.0,Found,1998.0,30.83333,-3.33333
Zapaliname,30392,Valid,"Iron, IAB-MG",85000.0,Found,1998.0,25.00944,-100.75
Kunya-Urgench,12379,Valid,H5,1100000.0,Fell,1998.0,42.25,59.2
Dar al Gani 955,6495,Valid,H6,18500.0,Found,1999.0,27.13183,16.20767
Dar al Gani 749,6296,Valid,CO3,95000.0,Found,1999.0,27.30167,15.7645
Dhofar 007,6706,Valid,Eucrite-cm,21270.0,Found,1999.0,18.335,54.18167
Dar al Gani 779,6326,Valid,Howardite,18800.0,Found,1999.0,26.99233,16.4375
Jiddat al Harasis 003,12091,Valid,L5,10830.0,Found,1999.0,19.53,55.75833
Great Sand Sea 019,11190,Valid,LL6,12000.0,Found,1999.0,25.53667,25.65778
Twodot,24093,Valid,H6,21400.0,Found,1999.0,46.7,-110.13333
Bilanga,5045,Valid,Diogenite,25000.0,Fell,1999.0,12.45,-0.08333
Morrow County,51707,Valid,L6,18200.0,Found,1999.0,45.5,-119.5
Lahmada 009,12422,Valid,H3-6,70000.0,Found,1999.0,27.16667,-9.5
Queen Alexandra Range 99001,21454,Valid,Iron,22000.0,Found,1999.0,-84.0,168.0
Hammadah al Hamra 328,11811,Valid,H5,30440.0,Found,1999.0,28.95833,10.59167
Kalahari 009,30738,Valid,Lunar (basalt),13500.0,Found,1999.0,-20.9818,22.9766
Hagersville,11470,Valid,"Iron, IAB complex",30000.0,Found,1999.0,42.96667,-80.15
Dhofar 069,6768,Valid,H4,10083.0,Found,1999.0,19.15867,54.731
Guanaco,11433,Valid,"Iron, IIG",13100.0,Found,2000.0,-25.1,-69.53333
Dhofar 379,7161,Valid,L6,25000.0,Found,2000.0,19.0084,54.76913
Smara,23648,Valid,Eucrite-pmict,12870.0,Found,2000.0,26.68333,-11.73333
Dhofar 360,7143,Valid,LL3-6,15300.0,Found,2000.0,19.04002,54.78383
Fukang,34491,Valid,"Pallasite, PMG",1003000.0,Found,2000.0,44.43333,87.63333
Yamato 002875,43637,Valid,Diogenite,10667.0,Found,2000.0,0.0,0.0
Yamato 000593,24355,Valid,Martian (nakhlite),13713.0,Found,2000.0,-71.5,35.66667
Dhofar 020,6719,Valid,H4/5,256000.0,Found,2000.0,19.03333,54.51667
Jalu,12070,Valid,L6,150000.0,Found,2000.0,27.95833,21.68333
Dhofar 005,6704,Valid,L6,125500.0,Found,2000.0,18.16667,54.16667
Tafassasset,23779,Valid,CR-an,114000.0,Found,2000.0,20.76333,10.44167
Hammadah al Hamra 280,11763,Valid,CK4,26500.0,Found,2000.0,28.47017,12.972
Dronino,7732,Valid,"Iron, ungrouped",40000.0,Found,2000.0,54.74667,41.42167
Hammadah al Hamra 296,11779,Valid,H5/6,27064.0,Found,2000.0,29.1,12.31667
Agoudal,57354,Valid,"Iron, IIAB",100000.0,Found,2000.0,31.98457,-5.51528
Sayh al Uhaymir 001,23193,Valid,L5,450000.0,Found,2000.0,20.51667,56.66667
Dergaon,6664,Valid,H5,12500.0,Fell,2001.0,26.68333,93.86667
Devgaon,6694,Valid,H3.8,12000.0,Fell,2001.0,19.0,81.0
Acfer 329,336,Valid,L4/5,30000.0,Found,2001.0,27.58333,4.1
Acfer 353,359,Valid,Eucrite-cm,11935.0,Found,2001.0,27.48917,3.89
Point Berliet,18854,Valid,H5,42000.0,Found,2001.0,20.537,9.53783
Shalim 003,23516,Valid,H5,10350.0,Found,2001.0,18.18233,55.50183
Shalim 004,23517,Valid,H5,10350.0,Found,2001.0,18.18233,55.50183
Goronyo,34019,Valid,H4,11000.0,Found,2001.0,13.26667,5.4
Shişr 010,23548,Valid,L5,17604.0,Found,2001.0,18.55,53.97
Dhofar 446,7221,Valid,L5,12400.0,Found,2001.0,18.93805,54.68658
Northwest Africa 1581,17340,Valid,L6,50200.0,Found,2001.0,31.38333,-4.25
Dhofar 721,7477,Valid,H4,13605.0,Found,2001.0,18.79167,54.15333
Dhofar 224,7008,Valid,H4,14974.0,Found,2001.0,19.15833,54.57333
Meteorite Hills 01005,16238,Valid,L5,19000.0,Found,2001.0,-79.68333,159.75
Beni M'hira,5018,Valid,L6,19000.0,Fell,2001.0,32.86667,10.8
Dhofar 1426,35514,Valid,H~5,42850.0,Found,2001.0,19.173,54.70407
Jiddat al Harasis 317,45843,Valid,H5,21472.0,Found,2001.0,19.36312,55.55723
Horh Uul,11909,Valid,"Iron, IIIAB",44000.0,Found,2001.0,43.25,104.16667
Bunker Hill,54611,Valid,L6,28000.0,Found,2002.0,38.84833,-98.72383
Mud Dry Lake,16840,Valid,H3,18255.0,Found,2002.0,37.8594,-117.02097
Bensour,5024,Valid,LL6,45000.0,Fell,2002.0,30.0,-7.0
Blanca Estela,45973,Valid,"Iron, IAB complex",15600.0,Found,2002.0,-25.0,-69.5
Franconia,10174,Valid,H5,100000.0,Found,2002.0,34.71637,-114.22197
Thuathe,23976,Valid,H4/5,45300.0,Fell,2002.0,-29.33333,27.58333
Northwest Africa 2023,32832,Valid,L4/5,14400.0,Found,2002.0,0.0,0.0
Northwest Africa 1685,32385,Valid,LL4,11560.0,Found,2002.0,0.0,0.0
Kilabo,12307,Valid,LL6,19000.0,Fell,2002.0,12.76667,9.8
Sayh al Uhaymir 278,23451,Valid,L5,27860.8,Found,2002.0,21.26172,57.17887
Sayh al Uhaymir 266,23439,Valid,H5,25014.0,Found,2002.0,20.70713,57.18317
Sayh al Uhaymir 277,23450,Valid,H6,11643.0,Found,2002.0,20.16658,57.07545
Jiddat al Harasis 090,12149,Valid,L5,92667.6,Found,2002.0,19.71678,56.6062
Jiddat al Harasis 091,12150,Valid,L5,123374.0,Found,2002.0,19.69362,56.65432
Jiddat al Harasis 073,12135,Valid,L6,550000.0,Found,2002.0,19.7,55.73333
Jiddat al Harasis 203,45839,Valid,Mesosiderite-C2,46200.0,Found,2002.0,19.983,56.41368
Tanezrouft 065,23865,Valid,L4,30000.0,Found,2002.0,25.4075,0.13639
Tanezrouft 072,31333,Valid,H6,62285.0,Found,2002.0,24.43817,0.103
Shişr 036,23571,Valid,H3,10175.0,Found,2002.0,18.50755,53.99325
Ramlat as Sahmah 202,35636,Valid,Mesosiderite,18250.0,Found,2002.0,20.00552,56.41628
Acfer 336,343,Valid,L3.8,19400.0,Found,2002.0,27.61667,4.06667
Al Huqf 064,48536,Valid,H4,12834.0,Found,2002.0,19.40412,57.27497
Al Huqf 010,443,Valid,L6,41539.3,Found,2002.0,19.86785,57.0028
Ramlat as Sahmah 204,35638,Valid,L6,10248.8,Found,2003.0,20.6282,56.19198
Isheyevo,30726,Valid,CH/CBb,16000.0,Found,2003.0,53.61667,56.33333
Jiddat al Harasis 355,51623,Valid,L~6,16879.1,Found,2003.0,19.35885,55.54843
Santa Vitoria do Palmar,35478,Valid,L3,50400.0,Found,2003.0,-33.50944,-53.41083
Djebel Chaab 002,7654,Valid,LL6,30616.0,Found,2003.0,25.15592,0.82213
Park Forest,18106,Valid,L5,18000.0,Fell,2003.0,41.48472,-87.67917
Oum Dreyga,31282,Valid,H3-5,17000.0,Fell,2003.0,24.3,-13.1
New Orleans,16960,Valid,H5,19256.0,Fell,2003.0,29.94718,-90.10976
Sayh al Uhaymir 270,23443,Valid,H4-6,43508.2,Found,2003.0,20.72918,57.189
Sayh al Uhaymir 250,23423,Valid,H4-6,16200.0,Found,2003.0,20.58298,57.3165
Qijiaojing,54610,Valid,"Iron, ungrouped",160000.0,Found,2003.0,43.75,92.91667
Burns,57342,Valid,"Iron, IIIAB",18400.0,Found,2003.0,39.86667,-106.88333
Kasauli,30740,Valid,H4,16820.0,Fell,2003.0,29.58333,77.58333
Dhofar 1026,6828,Valid,H6,10500.0,Found,2003.0,18.65952,54.2463
Dhofar 1027,6829,Valid,H5/6,14944.0,Found,2003.0,18.66003,54.24553
Jiddat al Harasis 055,12119,Valid,L4-5,200000.0,Found,2004.0,19.65167,55.69
Northwest Africa 6108,51517,Valid,L-melt rock,25000.0,Found,2004.0,0.0,0.0
Koltsovo,30742,Valid,H4,20020.0,Found,2004.0,54.7505,36.978
Acfer 379,35338,Valid,H4,14764.0,Found,2004.0,27.4114,3.70467
Dhofar 1289,34505,Valid,L4,37000.0,Found,2004.0,18.63333,54.42167
Dhofar 1288,34504,Valid,H5,43600.0,Found,2004.0,18.27833,54.285
Capot Rey,30449,Valid,H5,38000.0,Found,2004.0,20.12593,10.2056
Shişr 168,52604,Valid,H5,12688.0,Found,2004.0,18.60667,53.95117
Benguerir,30443,Valid,LL6,25000.0,Fell,2004.0,32.25,-8.15
Windimurra,55552,Valid,H4/5,30000.0,Found,2004.0,-28.09697,118.45561
Xifu,54608,Valid,"Iron, IAB complex",3000000.0,Found,2004.0,36.3,120.48333
Sueilila,45010,Valid,LL6,13266.0,Found,2005.0,24.63633,-14.71633
Sayh al Uhaymir 425,35714,Valid,L5-6,10006.7,Found,2005.0,20.93015,57.14505
Jiddat al Harasis 267,35584,Valid,Mesosiderite,16005.5,Found,2005.0,19.9997,56.41108
Northwest Africa 2211,32951,Valid,L,27690.0,Found,2005.0,0.0,0.0
Northwest Africa 2680,33173,Valid,"Iron, IAB-sLH",12050.0,Found,2005.0,0.0,0.0
Jiddat al Harasis 230,35549,Valid,L5,77000.0,Found,2005.0,19.7127,56.58277
Northwest Africa 4576,45525,Valid,Mesosiderite,30000.0,Found,2005.0,0.0,0.0
Northwest Africa 7514,56388,Valid,R5,23620.0,Found,2005.0,0.0,0.0
Northwest Africa 4502,45481,Valid,CV3,100000.0,Found,2005.0,0.0,0.0
Hambleton,36590,Valid,"Pallasite, PMG",17600.0,Found,2005.0,54.24028,-1.19889
Buck Mountains 003,44705,Valid,L6,34200.0,Found,2005.0,34.7345,-114.21717
Lixian,56075,Valid,"Iron, IIAB",43000.0,Found,2005.0,29.85167,111.59833
Porto Alegre,52091,Valid,"Iron, IIIE",200000.0,Found,2005.0,-30.03306,-51.23
Nahuel Niyeu,50766,Valid,H5,10540.0,Found,2005.0,-40.53333,-66.63333
Northwest Africa 5460,49176,Valid,H4,44400.0,Found,2006.0,0.0,0.0
Northwest Africa 5459,49175,Valid,L4,26400.0,Found,2006.0,0.0,0.0
Northwest Africa 5775,49455,Valid,LL5,50000.0,Found,2006.0,0.0,0.0
Al Haggounia 001,44857,Valid,Aubrite,3000000.0,Found,2006.0,27.5,-12.5
Dhofar 1433,45837,Valid,H5,44790.0,Found,2006.0,18.43333,54.1
Bassikounou,44876,Valid,H5,29560.0,Fell,2006.0,15.78333,-5.9
Youxi,55793,Valid,Mesosiderite-C,218000.0,Found,2006.0,26.06,118.01
Coffeyville,51051,Valid,H5,35900.0,Found,2006.0,37.01667,-95.66667
Conception Junction,53877,Valid,"Pallasite, PMG-an",17000.0,Found,2006.0,40.266667,-94.683333
Jiddat al Harasis 342,45866,Valid,L5,49750.0,Found,2006.0,19.71458,56.54755
Northwest Africa 6411,52563,Valid,L5,43000.0,Found,2006.0,0.0,0.0
Jiddat al Harasis 406,48557,Valid,L6,33000.0,Found,2006.0,19.53268,56.87225
Northwest Africa 6727,53763,Valid,L5,88000.0,Found,2006.0,0.0,0.0
Jiddat al Harasis 426,48577,Valid,L6,11170.1,Found,2007.0,19.93787,56.39555
Yelland Dry Lake,52641,Valid,H4,76000.0,Found,2007.0,39.35067,-114.40783
Taoudenni,51580,Valid,Diogenite,24370.0,Found,2007.0,22.79167,-3.96667
Toufassour,47702,Valid,Mesosiderite,73300.0,Found,2007.0,29.65225,-7.7493
Northwest Africa 5824,50702,Valid,H4,12000.0,Found,2007.0,0.0,0.0
Northwest Africa 6931,54506,Valid,"Iron, IAB-MG",20620.0,Found,2007.0,0.0,0.0
Mahadevpur,47361,Valid,H4/5,70500.0,Fell,2007.0,27.66667,95.78333
Chergach ,47347,Valid,H5,100000.0,Fell,2007.0,23.69639,-5.01472
Northwest Africa 5201,47321,Valid,Ureilite,11730.0,Found,2007.0,0.0,0.0
Vitoria da Conquista,48953,Valid,"Iron, IVA",10500.0,Found,2007.0,-14.83861,-40.83611
Northwest Africa 6409,52561,Valid,L6,11800.0,Found,2008.0,0.0,0.0
Dhofar 1565,51570,Valid,H5,43000.0,Found,2008.0,18.2735,54.21367
Buzzard Coulee,48654,Valid,H4,41000.0,Fell,2008.0,52.996,-109.84817
Northwest Africa 6408,52560,Valid,H5,24000.0,Found,2008.0,0.0,0.0
Northwest Africa 6203,51736,Valid,"Iron, IAB-MG",35400.0,Found,2008.0,30.51667,-4.3
Sulagiri,48951,Valid,LL6,110000.0,Fell,2008.0,12.66667,78.03333
Tamdakht,48691,Valid,H5,100000.0,Fell,2008.0,31.16333,-7.015
Northwest Africa 6550,53485,Valid,LL3.7,29481.8,Found,2008.0,0.0,0.0
Jepara,53840,Valid,"Pallasite, PMG",499500.0,Found,2008.0,-6.6,110.73333
Ashuwairif 001,51563,Valid,H4,14566.0,Found,2008.0,29.35944,14.25528
Ashuwairif 002,51564,Valid,L5/6,11953.0,Found,2008.0,29.37972,14.26972
Ashuwairif 004,53630,Valid,L6,15750.0,Found,2008.0,29.36583,14.27611
Dhofar 1493,51054,Valid,L6,14000.0,Found,2008.0,18.67378,54.45017
Kumtag,49512,Valid,H5,26000.0,Found,2008.0,41.66889,93.17306
Northwest Africa 5549,49248,Valid,"Iron, IAB-MG",12000.0,Found,2008.0,0.0,0.0
Northwest Africa 7059,54698,Valid,Ureilite,11730.0,Found,2008.0,0.0,0.0
Ramlat as Sahmah 276,50964,Valid,L6,12800.0,Found,2008.0,20.5225,56.11768
Qulumat Nadqan 001,51400,Valid,L3.7,13901.0,Found,2008.0,23.14302,49.53252
Northwest Africa 6903,53891,Valid,"Iron, IIIAB",50000.0,Found,2008.0,32.37167,-6.36
Northwest Africa 6932,54507,Valid,"Iron, ungrouped",32000.0,Found,2008.0,0.0,0.0
Sayh al Uhaymir 499,52430,Valid,H5,15900.0,Found,2009.0,20.76467,57.26967
Gebel Kamil,52031,Valid,"Iron, ungrouped",1600000.0,Found,2009.0,22.01833,26.08778
Jiddat al Harasis 628,52779,Valid,H5,16000.0,Found,2009.0,19.83956,55.76756
Jiddat al Harasis 574,51916,Valid,H4-6,13000.0,Found,2009.0,19.75377,56.29692
Dhofar 1558,53884,Valid,L4,11400.0,Found,2009.0,18.39317,54.66433
Northwest Africa 6369,52636,Valid,"Iron, IAB complex",14830.0,Found,2009.0,0.0,0.0
Northwest Africa 6279,51857,Valid,"Iron, IIAB",11445.0,Found,2009.0,0.0,0.0
Dhofar 1511,53800,Valid,L~5,17973.0,Found,2009.0,18.63988,54.248
Miller Range 090003,55803,Valid,L6,10310.0,Found,2009.0,0.0,0.0
Northwest Africa 5974,50860,Valid,H6,29000.0,Found,2009.0,0.0,0.0
Northwest Africa 5940,50826,Valid,H5-6,151000.0,Found,2009.0,0.0,0.0
Bou Azarif,53812,Valid,H5,100000.0,Found,2010.0,31.15643,-5.15262
Dhofar 1700,56325,Valid,L6,39000.0,Found,2010.0,18.86622,54.67967
Ramlat as Sahmah 418,55513,Valid,L6,28791.0,Found,2010.0,20.3936,56.22002
Dhofar 1722,56345,Valid,H5,25000.0,Found,2010.0,19.08188,54.71472
Stump Spring 083,52752,Valid,LL6,13700.0,Found,2010.0,35.98728,-115.85828
Northwest Africa 7751,56768,Valid,L5,20000.0,Found,2010.0,0.0,0.0
Northwest Africa 6682,53593,Valid,H6,13000.0,Found,2010.0,0.0,0.0
Los Vientos 002,54617,Valid,L6,30750.0,Found,2010.0,-24.68333,-69.76667
Sayh al Uhaymir 504,51866,Valid,L5/6,20000.0,Found,2010.0,20.38333,56.76667
Northwest Africa 6947,54510,Valid,H5,115777.0,Found,2011.0,0.0,0.0
Jiddat al Harasis 664,56219,Valid,H5,12175.0,Found,2011.0,19.82562,55.684
Thika,54493,Valid,L6,14200.0,Fell,2011.0,-1.00278,37.15028
Dhofar 1654,55572,Valid,L5,50000.0,Found,2011.0,18.67877,54.2876
Los Vientos 004,54619,Valid,H5,29300.0,Found,2011.0,-24.68333,-69.76667
Los Vientos 003,54618,Valid,H5,25450.0,Found,2011.0,-24.68333,-69.76667
Northwest Africa 6621,53528,Valid,H4,24000.0,Found,2011.0,0.0,0.0
Northwest Africa 7144,54896,Valid,H4,43418.0,Found,2011.0,0.0,0.0
Northwest Africa 7150,54902,Valid,H4,45326.0,Found,2011.0,0.0,0.0
Los Vientos 028,57338,Valid,H~5,12110.0,Found,2012.0,-24.68333,-69.76667
Northwest Africa 7336,55714,Valid,L6,18000.0,Found,2012.0,0.0,0.0
Northwest Africa 7251,55333,Valid,L-melt rock,13000.0,Found,2012.0,0.0,0.0
Northwest Africa 7650,56633,Valid,L6,11115.0,Found,2012.0,0.0,0.0
Northwest Africa 7757,57157,Valid,H5,13000.0,Found,2012.0,0.0,0.0
Chelyabinsk,57165,Valid,LL5,100000.0,Fell,2013.0,54.81667,61.11667
